{
  "airports": [
    {"code": "CDG", "name": "Paris Charles de Gaulle", "city": "Paris", "country": "France", "iata": "CDG", "region": "Europe"},
    {"code": "ORY", "name": "Paris Orly", "city": "Paris", "country": "France", "iata": "ORY", "region": "Europe"},
    {"code": "BVA", "name": "Paris Beauvais", "city": "Beauvais", "country": "France", "iata": "BVA", "region": "Europe"},
    {"code": "LYS", "name": "Lyon Saint-Exupéry", "city": "Lyon", "country": "France", "iata": "LYS", "region": "Europe"},
    {"code": "MRS", "name": "Marseille Provence", "city": "Marseille", "country": "France", "iata": "MRS", "region": "Europe"},
    {"code": "NCE", "name": "Nice Côte d'Azur", "city": "Nice", "country": "France", "iata": "NCE", "region": "Europe"},
    {"code": "TLS", "name": "Toulouse Blagnac", "city": "Toulouse", "country": "France", "iata": "TLS", "region": "Europe"},
    {"code": "BOD", "name": "Bordeaux Mérignac", "city": "Bordeaux", "country": "France", "iata": "BOD", "region": "Europe"},
    {"code": "NTE", "name": "Nantes Atlantique", "city": "Nantes", "country": "France", "iata": "NTE", "region": "Europe"},
    {"code": "LIL", "name": "Lille Lesquin", "city": "Lille", "country": "France", "iata": "LIL", "region": "Europe"},
    {"code": "SXB", "name": "Strasbourg", "city": "Strasbourg", "country": "France", "iata": "SXB", "region": "Europe"},
    {"code": "MPL", "name": "Montpellier Méditerranée", "city": "Montpellier", "country": "France", "iata": "MPL", "region": "Europe"},
    {"code": "BES", "name": "Brest Bretagne", "city": "Brest", "country": "France", "iata": "BES", "region": "Europe"},
    {"code": "RNS", "name": "Rennes Saint-Jacques", "city": "Rennes", "country": "France", "iata": "RNS", "region": "Europe"},
    {"code": "BIQ", "name": "Biarritz Pays Basque", "city": "Biarritz", "country": "France", "iata": "BIQ", "region": "Europe"},
    
    {"code": "CMN", "name": "Casablanca Mohammed V", "city": "Casablanca", "country": "Morocco", "iata": "CMN", "region": "Africa"},
    {"code": "RAK", "name": "Marrakech Menara", "city": "Marrakech", "country": "Morocco", "iata": "RAK", "region": "Africa"},
    {"code": "TNG", "name": "Tangier Ibn Battuta", "city": "Tangier", "country": "Morocco", "iata": "TNG", "region": "Africa"},
    {"code": "FEZ", "name": "Fez Saïss", "city": "Fez", "country": "Morocco", "iata": "FEZ", "region": "Africa"},
    {"code": "AGA", "name": "Agadir Al Massira", "city": "Agadir", "country": "Morocco", "iata": "AGA", "region": "Africa"},
    {"code": "RBA", "name": "Rabat-Salé", "city": "Rabat", "country": "Morocco", "iata": "RBA", "region": "Africa"},
    {"code": "OUD", "name": "Oujda Angads", "city": "Oujda", "country": "Morocco", "iata": "OUD", "region": "Africa"},
    {"code": "ESU", "name": "Essaouira Mogador", "city": "Essaouira", "country": "Morocco", "iata": "ESU", "region": "Africa"},
    {"code": "NNA", "name": "Nador International", "city": "Nador", "country": "Morocco", "iata": "NNA", "region": "Africa"},
    {"code": "TTU", "name": "Tetouan Sania Ramel", "city": "Tetouan", "country": "Morocco", "iata": "TTU", "region": "Africa"},
    
    {"code": "MAD", "name": "Madrid Barajas", "city": "Madrid", "country": "Spain", "iata": "MAD", "region": "Europe"},
    {"code": "BCN", "name": "Barcelona-El Prat", "city": "Barcelona", "country": "Spain", "iata": "BCN", "region": "Europe"},
    {"code": "AGP", "name": "Málaga-Costa del Sol", "city": "Málaga", "country": "Spain", "iata": "AGP", "region": "Europe"},
    {"code": "SVQ", "name": "Seville", "city": "Seville", "country": "Spain", "iata": "SVQ", "region": "Europe"},
    {"code": "IBZ", "name": "Ibiza", "city": "Ibiza", "country": "Spain", "iata": "IBZ", "region": "Europe"},
    {"code": "PMI", "name": "Palma de Mallorca", "city": "Palma", "country": "Spain", "iata": "PMI", "region": "Europe"},
    {"code": "VLC", "name": "Valencia", "city": "Valencia", "country": "Spain", "iata": "VLC", "region": "Europe"},
    {"code": "BIO", "name": "Bilbao", "city": "Bilbao", "country": "Spain", "iata": "BIO", "region": "Europe"},
    {"code": "ALC", "name": "Alicante", "city": "Alicante", "country": "Spain", "iata": "ALC", "region": "Europe"},
    {"code": "TFS", "name": "Tenerife South", "city": "Tenerife", "country": "Spain", "iata": "TFS", "region": "Europe"},
    {"code": "LPA", "name": "Gran Canaria", "city": "Gran Canaria", "country": "Spain", "iata": "LPA", "region": "Europe"},
    
    {"code": "LHR", "name": "London Heathrow", "city": "London", "country": "United Kingdom", "iata": "LHR", "region": "Europe"},
    {"code": "LGW", "name": "London Gatwick", "city": "London", "country": "United Kingdom", "iata": "LGW", "region": "Europe"},
    {"code": "LCY", "name": "London City", "city": "London", "country": "United Kingdom", "iata": "LCY", "region": "Europe"},
    {"code": "STN", "name": "London Stansted", "city": "London", "country": "United Kingdom", "iata": "STN", "region": "Europe"},
    {"code": "LTN", "name": "London Luton", "city": "London", "country": "United Kingdom", "iata": "LTN", "region": "Europe"},
    {"code": "MAN", "name": "Manchester", "city": "Manchester", "country": "United Kingdom", "iata": "MAN", "region": "Europe"},
    {"code": "EDI", "name": "Edinburgh", "city": "Edinburgh", "country": "United Kingdom", "iata": "EDI", "region": "Europe"},
    {"code": "GLA", "name": "Glasgow", "city": "Glasgow", "country": "United Kingdom", "iata": "GLA", "region": "Europe"},
    {"code": "BHX", "name": "Birmingham", "city": "Birmingham", "country": "United Kingdom", "iata": "BHX", "region": "Europe"},
    {"code": "BRS", "name": "Bristol", "city": "Bristol", "country": "United Kingdom", "iata": "BRS", "region": "Europe"},
    
    {"code": "FCO", "name": "Rome Fiumicino", "city": "Rome", "country": "Italy", "iata": "FCO", "region": "Europe"},
    {"code": "CIA", "name": "Rome Ciampino", "city": "Rome", "country": "Italy", "iata": "CIA", "region": "Europe"},
    {"code": "MXP", "name": "Milan Malpensa", "city": "Milan", "country": "Italy", "iata": "MXP", "region": "Europe"},
    {"code": "BGY", "name": "Milan Bergamo", "city": "Bergamo", "country": "Italy", "iata": "BGY", "region": "Europe"},
    {"code": "LIN", "name": "Milan Linate", "city": "Milan", "country": "Italy", "iata": "LIN", "region": "Europe"},
    {"code": "VCE", "name": "Venice Marco Polo", "city": "Venice", "country": "Italy", "iata": "VCE", "region": "Europe"},
    {"code": "NAP", "name": "Naples", "city": "Naples", "country": "Italy", "iata": "NAP", "region": "Europe"},
    {"code": "CTA", "name": "Catania", "city": "Catania", "country": "Italy", "iata": "CTA", "region": "Europe"},
    {"code": "PSA", "name": "Pisa", "city": "Pisa", "country": "Italy", "iata": "PSA", "region": "Europe"},
    {"code": "BLQ", "name": "Bologna", "city": "Bologna", "country": "Italy", "iata": "BLQ", "region": "Europe"},
    
    {"code": "FRA", "name": "Frankfurt", "city": "Frankfurt", "country": "Germany", "iata": "FRA", "region": "Europe"},
    {"code": "MUC", "name": "Munich", "city": "Munich", "country": "Germany", "iata": "MUC", "region": "Europe"},
    {"code": "BER", "name": "Berlin Brandenburg", "city": "Berlin", "country": "Germany", "iata": "BER", "region": "Europe"},
    {"code": "DUS", "name": "Düsseldorf", "city": "Düsseldorf", "country": "Germany", "iata": "DUS", "region": "Europe"},
    {"code": "HAM", "name": "Hamburg", "city": "Hamburg", "country": "Germany", "iata": "HAM", "region": "Europe"},
    {"code": "CGN", "name": "Cologne Bonn", "city": "Cologne", "country": "Germany", "iata": "CGN", "region": "Europe"},
    {"code": "STR", "name": "Stuttgart", "city": "Stuttgart", "country": "Germany", "iata": "STR", "region": "Europe"},
    
    {"code": "AMS", "name": "Amsterdam Schiphol", "city": "Amsterdam", "country": "Netherlands", "iata": "AMS", "region": "Europe"},
    {"code": "BRU", "name": "Brussels Zaventem", "city": "Brussels", "country": "Belgium", "iata": "BRU", "region": "Europe"},
    {"code": "DUB", "name": "Dublin", "city": "Dublin", "country": "Ireland", "iata": "DUB", "region": "Europe"},
    {"code": "ZRH", "name": "Zurich", "city": "Zurich", "country": "Switzerland", "iata": "ZRH", "region": "Europe"},
    {"code": "GVA", "name": "Geneva", "city": "Geneva", "country": "Switzerland", "iata": "GVA", "region": "Europe"},
    {"code": "VIE", "name": "Vienna", "city": "Vienna", "country": "Austria", "iata": "VIE", "region": "Europe"},
    {"code": "PRG", "name": "Prague", "city": "Prague", "country": "Czech Republic", "iata": "PRG", "region": "Europe"},
    {"code": "WAW", "name": "Warsaw Chopin", "city": "Warsaw", "country": "Poland", "iata": "WAW", "region": "Europe"},
    {"code": "BUD", "name": "Budapest", "city": "Budapest", "country": "Hungary", "iata": "BUD", "region": "Europe"},
    {"code": "LIS", "name": "Lisbon", "city": "Lisbon", "country": "Portugal", "iata": "LIS", "region": "Europe"},
    {"code": "OPO", "name": "Porto", "city": "Porto", "country": "Portugal", "iata": "OPO", "region": "Europe"},
    {"code": "CPH", "name": "Copenhagen", "city": "Copenhagen", "country": "Denmark", "iata": "CPH", "region": "Europe"},
    {"code": "ARN", "name": "Stockholm Arlanda", "city": "Stockholm", "country": "Sweden", "iata": "ARN", "region": "Europe"},
    {"code": "OSL", "name": "Oslo Gardermoen", "city": "Oslo", "country": "Norway", "iata": "OSL", "region": "Europe"},
    {"code": "HEL", "name": "Helsinki Vantaa", "city": "Helsinki", "country": "Finland", "iata": "HEL", "region": "Europe"},
    {"code": "ATH", "name": "Athens", "city": "Athens", "country": "Greece", "iata": "ATH", "region": "Europe"},
    {"code": "IST", "name": "Istanbul Airport", "city": "Istanbul", "country": "Turkey", "iata": "IST", "region": "Europe"},
    {"code": "SAW", "name": "Istanbul Sabiha Gökçen", "city": "Istanbul", "country": "Turkey", "iata": "SAW", "region": "Europe"},
    
    {"code": "JFK", "name": "New York JFK", "city": "New York", "country": "United States", "iata": "JFK", "region": "North America"},
    {"code": "EWR", "name": "Newark", "city": "Newark", "country": "United States", "iata": "EWR", "region": "North America"},
    {"code": "LGA", "name": "New York LaGuardia", "city": "New York", "country": "United States", "iata": "LGA", "region": "North America"},
    {"code": "LAX", "name": "Los Angeles", "city": "Los Angeles", "country": "United States", "iata": "LAX", "region": "North America"},
    {"code": "SFO", "name": "San Francisco", "city": "San Francisco", "country": "United States", "iata": "SFO", "region": "North America"},
    {"code": "ORD", "name": "Chicago O'Hare", "city": "Chicago", "country": "United States", "iata": "ORD", "region": "North America"},
    {"code": "MIA", "name": "Miami", "city": "Miami", "country": "United States", "iata": "MIA", "region": "North America"},
    {"code": "ATL", "name": "Atlanta", "city": "Atlanta", "country": "United States", "iata": "ATL", "region": "North America"},
    {"code": "DFW", "name": "Dallas Fort Worth", "city": "Dallas", "country": "United States", "iata": "DFW", "region": "North America"},
    {"code": "DEN", "name": "Denver", "city": "Denver", "country": "United States", "iata": "DEN", "region": "North America"},
    {"code": "SEA", "name": "Seattle", "city": "Seattle", "country": "United States", "iata": "SEA", "region": "North America"},
    {"code": "LAS", "name": "Las Vegas", "city": "Las Vegas", "country": "United States", "iata": "LAS", "region": "North America"},
    {"code": "BOS", "name": "Boston", "city": "Boston", "country": "United States", "iata": "BOS", "region": "North America"},
    {"code": "IAD", "name": "Washington Dulles", "city": "Washington DC", "country": "United States", "iata": "IAD", "region": "North America"},
    
    {"code": "YYZ", "name": "Toronto Pearson", "city": "Toronto", "country": "Canada", "iata": "YYZ", "region": "North America"},
    {"code": "YVR", "name": "Vancouver", "city": "Vancouver", "country": "Canada", "iata": "YVR", "region": "North America"},
    {"code": "YUL", "name": "Montreal", "city": "Montreal", "country": "Canada", "iata": "YUL", "region": "North America"},
    {"code": "MEX", "name": "Mexico City", "city": "Mexico City", "country": "Mexico", "iata": "MEX", "region": "North America"},
    {"code": "CUN", "name": "Cancun", "city": "Cancun", "country": "Mexico", "iata": "CUN", "region": "North America"},
    
    {"code": "DXB", "name": "Dubai International", "city": "Dubai", "country": "UAE", "iata": "DXB", "region": "Middle East"},
    {"code": "AUH", "name": "Abu Dhabi", "city": "Abu Dhabi", "country": "UAE", "iata": "AUH", "region": "Middle East"},
    {"code": "DOH", "name": "Doha Hamad", "city": "Doha", "country": "Qatar", "iata": "DOH", "region": "Middle East"},
    {"code": "CAI", "name": "Cairo", "city": "Cairo", "country": "Egypt", "iata": "CAI", "region": "Africa"},
    {"code": "TUN", "name": "Tunis", "city": "Tunis", "country": "Tunisia", "iata": "TUN", "region": "Africa"},
    {"code": "ALG", "name": "Algiers", "city": "Algiers", "country": "Algeria", "iata": "ALG", "region": "Africa"},
    {"code": "JNB", "name": "Johannesburg", "city": "Johannesburg", "country": "South Africa", "iata": "JNB", "region": "Africa"},
    {"code": "CPT", "name": "Cape Town", "city": "Cape Town", "country": "South Africa", "iata": "CPT", "region": "Africa"},
    {"code": "ADD", "name": "Addis Ababa", "city": "Addis Ababa", "country": "Ethiopia", "iata": "ADD", "region": "Africa"},
    {"code": "NBO", "name": "Nairobi", "city": "Nairobi", "country": "Kenya", "iata": "NBO", "region": "Africa"},
    {"code": "LOS", "name": "Lagos", "city": "Lagos", "country": "Nigeria", "iata": "LOS", "region": "Africa"},
    {"code": "ACC", "name": "Accra", "city": "Accra", "country": "Ghana", "iata": "ACC", "region": "Africa"},
    {"code": "DAR", "name": "Dar es Salaam", "city": "Dar es Salaam", "country": "Tanzania", "iata": "DAR", "region": "Africa"},
    {"code": "OUA", "name": "Ouagadougou", "city": "Ouagadougou", "country": "Burkina Faso", "iata": "OUA", "region": "Africa"},
    {"code": "ABJ", "name": "Abidjan", "city": "Abidjan", "country": "Ivory Coast", "iata": "ABJ", "region": "Africa"},
    {"code": "DKR", "name": "Dakar", "city": "Dakar", "country": "Senegal", "iata": "DKR", "region": "Africa"},
    {"code": "CMB", "name": "Colombo Bandaranaike", "city": "Colombo", "country": "Sri Lanka", "iata": "CMB", "region": "Asia"},
    
    {"code": "SIN", "name": "Singapore Changi", "city": "Singapore", "country": "Singapore", "iata": "SIN", "region": "Asia"},
    {"code": "HND", "name": "Tokyo Haneda", "city": "Tokyo", "country": "Japan", "iata": "HND", "region": "Asia"},
    {"code": "NRT", "name": "Tokyo Narita", "city": "Tokyo", "country": "Japan", "iata": "NRT", "region": "Asia"},
    {"code": "ICN", "name": "Seoul Incheon", "city": "Seoul", "country": "South Korea", "iata": "ICN", "region": "Asia"},
    {"code": "HKG", "name": "Hong Kong", "city": "Hong Kong", "country": "Hong Kong", "iata": "HKG", "region": "Asia"},
    {"code": "BKK", "name": "Bangkok Suvarnabhumi", "city": "Bangkok", "country": "Thailand", "iata": "BKK", "region": "Asia"},
    {"code": "DMK", "name": "Bangkok Don Mueang", "city": "Bangkok", "country": "Thailand", "iata": "DMK", "region": "Asia"},
    {"code": "DEL", "name": "Delhi", "city": "Delhi", "country": "India", "iata": "DEL", "region": "Asia"},
    {"code": "BOM", "name": "Mumbai", "city": "Mumbai", "country": "India", "iata": "BOM", "region": "Asia"},
    {"code": "PVG", "name": "Shanghai Pudong", "city": "Shanghai", "country": "China", "iata": "PVG", "region": "Asia"},
    {"code": "PEK", "name": "Beijing Capital", "city": "Beijing", "country": "China", "iata": "PEK", "region": "Asia"},
    {"code": "KUL", "name": "Kuala Lumpur", "city": "Kuala Lumpur", "country": "Malaysia", "iata": "KUL", "region": "Asia"},
    {"code": "CGK", "name": "Jakarta", "city": "Jakarta", "country": "Indonesia", "iata": "CGK", "region": "Asia"},
    {"code": "MNL", "name": "Manila", "city": "Manila", "country": "Philippines", "iata": "MNL", "region": "Asia"},
    
    {"code": "SYD", "name": "Sydney", "city": "Sydney", "country": "Australia", "iata": "SYD", "region": "Oceania"},
    {"code": "MEL", "name": "Melbourne", "city": "Melbourne", "country": "Australia", "iata": "MEL", "region": "Oceania"},
    {"code": "AKL", "name": "Auckland", "city": "Auckland", "country": "New Zealand", "iata": "AKL", "region": "Oceania"},
    
    {"code": "GRU", "name": "São Paulo Guarulhos", "city": "São Paulo", "country": "Brazil", "iata": "GRU", "region": "South America"},
    {"code": "EZE", "name": "Buenos Aires Ezeiza", "city": "Buenos Aires", "country": "Argentina", "iata": "EZE", "region": "South America"},
    {"code": "SCL", "name": "Santiago", "city": "Santiago", "country": "Chile", "iata": "SCL", "region": "South America"},
    {"code": "BOG", "name": "Bogotá", "city": "Bogotá", "country": "Colombia", "iata": "BOG", "region": "South America"},
    {"code": "LIM", "name": "Lima", "city": "Lima", "country": "Peru", "iata": "LIM", "region": "South America"},

    {"code": "AHU", "name": "Al Hoceima Charif Al Idrissi", "city": "Al Hoceima", "country": "Morocco", "iata": "AHU", "region": "Africa"},
    {"code": "ERH", "name": "Errachidia Moulay Ali Cherif", "city": "Errachidia", "country": "Morocco", "iata": "ERH", "region": "Africa"},
    {"code": "ZAG", "name": "Zagora", "city": "Zagora", "country": "Morocco", "iata": "ZAG", "region": "Africa"},
    {"code": "OZZ", "name": "Ouarzazate", "city": "Ouarzazate", "country": "Morocco", "iata": "OZZ", "region": "Africa"},
    {"code": "GMD", "name": "Ben Slimane", "city": "Ben Slimane", "country": "Morocco", "iata": "GMD", "region": "Africa"},
    {"code": "SII", "name": "Sidi Ifni", "city": "Sidi Ifni", "country": "Morocco", "iata": "SII", "region": "Africa"},
    {"code": "TTA", "name": "Tan Tan", "city": "Tan Tan", "country": "Morocco", "iata": "TTA", "region": "Africa"},
    {"code": "EUN", "name": "Laayoune Hassan I", "city": "Laayoune", "country": "Morocco", "iata": "EUN", "region": "Africa"},
    {"code": "VIL", "name": "Dakhla", "city": "Dakhla", "country": "Morocco", "iata": "VIL", "region": "Africa"},
    {"code": "SML", "name": "Smara", "city": "Smara", "country": "Morocco", "iata": "SML", "region": "Africa"},
    {"code": "NDR", "name": "Nador Aroui", "city": "Nador", "country": "Morocco", "iata": "NDR", "region": "Africa"},
    
    {"code": "RTM", "name": "Rotterdam The Hague", "city": "Rotterdam", "country": "Netherlands", "iata": "RTM", "region": "Europe"},
    {"code": "EIN", "name": "Eindhoven", "city": "Eindhoven", "country": "Netherlands", "iata": "EIN", "region": "Europe"},
    {"code": "GRQ", "name": "Groningen Eelde", "city": "Groningen", "country": "Netherlands", "iata": "GRQ", "region": "Europe"},
    {"code": "MST", "name": "Maastricht Aachen", "city": "Maastricht", "country": "Netherlands", "iata": "MST", "region": "Europe"},
    
    {"code": "CRL", "name": "Brussels Charleroi", "city": "Charleroi", "country": "Belgium", "iata": "CRL", "region": "Europe"},
    {"code": "LGG", "name": "Liège", "city": "Liège", "country": "Belgium", "iata": "LGG", "region": "Europe"},
    {"code": "ANR", "name": "Antwerp", "city": "Antwerp", "country": "Belgium", "iata": "ANR", "region": "Europe"},
    {"code": "OST", "name": "Ostend-Bruges", "city": "Ostend", "country": "Belgium", "iata": "OST", "region": "Europe"},
    
    {"code": "LUX", "name": "Luxembourg Findel", "city": "Luxembourg", "country": "Luxembourg", "iata": "LUX", "region": "Europe"},
    
    {"code": "BSL", "name": "Basel-Mulhouse-Freiburg", "city": "Basel", "country": "Switzerland", "iata": "BSL", "region": "Europe"},
    {"code": "BRN", "name": "Bern", "city": "Bern", "country": "Switzerland", "iata": "BRN", "region": "Europe"},
    {"code": "LUG", "name": "Lugano", "city": "Lugano", "country": "Switzerland", "iata": "LUG", "region": "Europe"},
    
    {"code": "SZG", "name": "Salzburg", "city": "Salzburg", "country": "Austria", "iata": "SZG", "region": "Europe"},
    {"code": "INN", "name": "Innsbruck", "city": "Innsbruck", "country": "Austria", "iata": "INN", "region": "Europe"},
    {"code": "GRZ", "name": "Graz", "city": "Graz", "country": "Austria", "iata": "GRZ", "region": "Europe"},
    {"code": "LNZ", "name": "Linz", "city": "Linz", "country": "Austria", "iata": "LNZ", "region": "Europe"},
    
    {"code": "KRK", "name": "Krakow", "city": "Krakow", "country": "Poland", "iata": "KRK", "region": "Europe"},
    {"code": "GDN", "name": "Gdansk", "city": "Gdansk", "country": "Poland", "iata": "GDN", "region": "Europe"},
    {"code": "WRO", "name": "Wroclaw", "city": "Wroclaw", "country": "Poland", "iata": "WRO", "region": "Europe"},
    {"code": "POZ", "name": "Poznan", "city": "Poznan", "country": "Poland", "iata": "POZ", "region": "Europe"},
    {"code": "KTW", "name": "Katowice", "city": "Katowice", "country": "Poland", "iata": "KTW", "region": "Europe"},
    
    {"code": "OTP", "name": "Bucharest Otopeni", "city": "Bucharest", "country": "Romania", "iata": "OTP", "region": "Europe"},
    {"code": "CLJ", "name": "Cluj-Napoca", "city": "Cluj-Napoca", "country": "Romania", "iata": "CLJ", "region": "Europe"},
    {"code": "TSR", "name": "Timisoara", "city": "Timisoara", "country": "Romania", "iata": "TSR", "region": "Europe"},
    
    {"code": "SOF", "name": "Sofia", "city": "Sofia", "country": "Bulgaria", "iata": "SOF", "region": "Europe"},
    {"code": "VAR", "name": "Varna", "city": "Varna", "country": "Bulgaria", "iata": "VAR", "region": "Europe"},
    {"code": "BOJ", "name": "Burgas", "city": "Burgas", "country": "Bulgaria", "iata": "BOJ", "region": "Europe"},
    
    {"code": "BEG", "name": "Belgrade", "city": "Belgrade", "country": "Serbia", "iata": "BEG", "region": "Europe"},
    {"code": "ZAG", "name": "Zagreb", "city": "Zagreb", "country": "Croatia", "iata": "ZAG", "region": "Europe"},
    {"code": "SPU", "name": "Split", "city": "Split", "country": "Croatia", "iata": "SPU", "region": "Europe"},
    {"code": "DBV", "name": "Dubrovnik", "city": "Dubrovnik", "country": "Croatia", "iata": "DBV", "region": "Europe"},
    {"code": "LJU", "name": "Ljubljana", "city": "Ljubljana", "country": "Slovenia", "iata": "LJU", "region": "Europe"},
    {"code": "SKP", "name": "Skopje", "city": "Skopje", "country": "North Macedonia", "iata": "SKP", "region": "Europe"},
    {"code": "TIA", "name": "Tirana", "city": "Tirana", "country": "Albania", "iata": "TIA", "region": "Europe"},
    {"code": "SJJ", "name": "Sarajevo", "city": "Sarajevo", "country": "Bosnia", "iata": "SJJ", "region": "Europe"},
    {"code": "TGD", "name": "Podgorica", "city": "Podgorica", "country": "Montenegro", "iata": "TGD", "region": "Europe"},
    
    {"code": "TLL", "name": "Tallinn", "city": "Tallinn", "country": "Estonia", "iata": "TLL", "region": "Europe"},
    {"code": "RIX", "name": "Riga", "city": "Riga", "country": "Latvia", "iata": "RIX", "region": "Europe"},
    {"code": "VNO", "name": "Vilnius", "city": "Vilnius", "country": "Lithuania", "iata": "VNO", "region": "Europe"},
    
    {"code": "RHO", "name": "Rhodes", "city": "Rhodes", "country": "Greece", "iata": "RHO", "region": "Europe"},
    {"code": "HER", "name": "Heraklion", "city": "Heraklion", "country": "Greece", "iata": "HER", "region": "Europe"},
    {"code": "CFU", "name": "Corfu", "city": "Corfu", "country": "Greece", "iata": "CFU", "region": "Europe"},
    {"code": "SKG", "name": "Thessaloniki", "city": "Thessaloniki", "country": "Greece", "iata": "SKG", "region": "Europe"},
    {"code": "CHQ", "name": "Chania", "city": "Chania", "country": "Greece", "iata": "CHQ", "region": "Europe"},
    {"code": "JMK", "name": "Mykonos", "city": "Mykonos", "country": "Greece", "iata": "JMK", "region": "Europe"},
    {"code": "JTR", "name": "Santorini", "city": "Santorini", "country": "Greece", "iata": "JTR", "region": "Europe"},
    
    {"code": "AYT", "name": "Antalya", "city": "Antalya", "country": "Turkey", "iata": "AYT", "region": "Europe"},
    {"code": "ESB", "name": "Ankara Esenboga", "city": "Ankara", "country": "Turkey", "iata": "ESB", "region": "Europe"},
    {"code": "ADB", "name": "Izmir Adnan Menderes", "city": "Izmir", "country": "Turkey", "iata": "ADB", "region": "Europe"},
    {"code": "BJV", "name": "Bodrum", "city": "Bodrum", "country": "Turkey", "iata": "BJV", "region": "Europe"},
    {"code": "DLM", "name": "Dalaman", "city": "Dalaman", "country": "Turkey", "iata": "DLM", "region": "Europe"},
    
    {"code": "REK", "name": "Reykjavik Keflavik", "city": "Reykjavik", "country": "Iceland", "iata": "REK", "region": "Europe"},
    {"code": "KEF", "name": "Keflavik International", "city": "Reykjavik", "country": "Iceland", "iata": "KEF", "region": "Europe"},
    
    {"code": "FAO", "name": "Faro", "city": "Faro", "country": "Portugal", "iata": "FAO", "region": "Europe"},
    {"code": "FNC", "name": "Funchal Madeira", "city": "Funchal", "country": "Portugal", "iata": "FNC", "region": "Europe"},
    {"code": "PDL", "name": "Ponta Delgada", "city": "Ponta Delgada", "country": "Portugal", "iata": "PDL", "region": "Europe"},
    
    {"code": "BRE", "name": "Bremen", "city": "Bremen", "country": "Germany", "iata": "BRE", "region": "Europe"},
    {"code": "DTM", "name": "Dortmund", "city": "Dortmund", "country": "Germany", "iata": "DTM", "region": "Europe"},
    {"code": "NUE", "name": "Nuremberg", "city": "Nuremberg", "country": "Germany", "iata": "NUE", "region": "Europe"},
    {"code": "LEJ", "name": "Leipzig Halle", "city": "Leipzig", "country": "Germany", "iata": "LEJ", "region": "Europe"},
    {"code": "HHN", "name": "Frankfurt Hahn", "city": "Hahn", "country": "Germany", "iata": "HHN", "region": "Europe"},
    
    {"code": "GOT", "name": "Gothenburg Landvetter", "city": "Gothenburg", "country": "Sweden", "iata": "GOT", "region": "Europe"},
    {"code": "MMX", "name": "Malmö", "city": "Malmö", "country": "Sweden", "iata": "MMX", "region": "Europe"},
    {"code": "BGO", "name": "Bergen", "city": "Bergen", "country": "Norway", "iata": "BGO", "region": "Europe"},
    {"code": "TRD", "name": "Trondheim", "city": "Trondheim", "country": "Norway", "iata": "TRD", "region": "Europe"},
    {"code": "SVG", "name": "Stavanger", "city": "Stavanger", "country": "Norway", "iata": "SVG", "region": "Europe"},
    {"code": "AAL", "name": "Aalborg", "city": "Aalborg", "country": "Denmark", "iata": "AAL", "region": "Europe"},
    {"code": "BLL", "name": "Billund", "city": "Billund", "country": "Denmark", "iata": "BLL", "region": "Europe"},
    
    {"code": "TUR", "name": "Toulon Hyères", "city": "Toulon", "country": "France", "iata": "TUR", "region": "Europe"},
    {"code": "CLY", "name": "Calvi", "city": "Calvi", "country": "France", "iata": "CLY", "region": "Europe"},
    {"code": "AJA", "name": "Ajaccio", "city": "Ajaccio", "country": "France", "iata": "AJA", "region": "Europe"},
    {"code": "BIA", "name": "Bastia", "city": "Bastia", "country": "France", "iata": "BIA", "region": "Europe"},
    {"code": "FSC", "name": "Figari", "city": "Figari", "country": "France", "iata": "FSC", "region": "Europe"},
    {"code": "PGF", "name": "Perpignan", "city": "Perpignan", "country": "France", "iata": "PGF", "region": "Europe"},
    {"code": "BZR", "name": "Béziers", "city": "Béziers", "country": "France", "iata": "BZR", "region": "Europe"},
    {"code": "CCF", "name": "Carcassonne", "city": "Carcassonne", "country": "France", "iata": "CCF", "region": "Europe"},
    {"code": "LDE", "name": "Tarbes Lourdes", "city": "Tarbes", "country": "France", "iata": "LDE", "region": "Europe"},
    {"code": "PUF", "name": "Pau", "city": "Pau", "country": "France", "iata": "PUF", "region": "Europe"},
    {"code": "EGC", "name": "Bergerac", "city": "Bergerac", "country": "France", "iata": "EGC", "region": "Europe"},
    {"code": "LRH", "name": "La Rochelle", "city": "La Rochelle", "country": "France", "iata": "LRH", "region": "Europe"},
    {"code": "PIS", "name": "Poitiers", "city": "Poitiers", "country": "France", "iata": "PIS", "region": "Europe"},
    {"code": "LIG", "name": "Limoges", "city": "Limoges", "country": "France", "iata": "LIG", "region": "Europe"},
    {"code": "CFE", "name": "Clermont-Ferrand", "city": "Clermont-Ferrand", "country": "France", "iata": "CFE", "region": "Europe"},
    {"code": "DIJ", "name": "Dijon", "city": "Dijon", "country": "France", "iata": "DIJ", "region": "Europe"},
    {"code": "MLH", "name": "Mulhouse", "city": "Mulhouse", "country": "France", "iata": "MLH", "region": "Europe"},
    {"code": "MRS", "name": "Marseille", "city": "Marseille", "country": "France", "iata": "MRS", "region": "Europe"},
    {"code": "AVN", "name": "Avignon", "city": "Avignon", "country": "France", "iata": "AVN", "region": "Europe"},
    {"code": "NIM", "name": "Nîmes", "city": "Nîmes", "country": "France", "iata": "NIM", "region": "Europe"},

    {"code": "NCL", "name": "Newcastle", "city": "Newcastle", "country": "United Kingdom", "iata": "NCL", "region": "Europe"},
    {"code": "LBA", "name": "Leeds Bradford", "city": "Leeds", "country": "United Kingdom", "iata": "LBA", "region": "Europe"},
    {"code": "LPL", "name": "Liverpool John Lennon", "city": "Liverpool", "country": "United Kingdom", "iata": "LPL", "region": "Europe"},
    {"code": "EMA", "name": "East Midlands", "city": "Nottingham", "country": "United Kingdom", "iata": "EMA", "region": "Europe"},
    {"code": "DSA", "name": "Doncaster Sheffield", "city": "Doncaster", "country": "United Kingdom", "iata": "DSA", "region": "Europe"},
    {"code": "HUY", "name": "Humberside", "city": "Humberside", "country": "United Kingdom", "iata": "HUY", "region": "Europe"},
    {"code": "MME", "name": "Durham Tees Valley", "city": "Durham", "country": "United Kingdom", "iata": "MME", "region": "Europe"},
    {"code": "ABZ", "name": "Aberdeen Dyce", "city": "Aberdeen", "country": "United Kingdom", "iata": "ABZ", "region": "Europe"},
    {"code": "INV", "name": "Inverness", "city": "Inverness", "country": "United Kingdom", "iata": "INV", "region": "Europe"},
    {"code": "GLA", "name": "Glasgow Prestwick", "city": "Glasgow", "country": "United Kingdom", "iata": "PIK", "region": "Europe"},
    {"code": "BFS", "name": "Belfast International", "city": "Belfast", "country": "United Kingdom", "iata": "BFS", "region": "Europe"},
    {"code": "BHD", "name": "Belfast City George Best", "city": "Belfast", "country": "United Kingdom", "iata": "BHD", "region": "Europe"},
    {"code": "LDY", "name": "Londonderry City of Derry", "city": "Londonderry", "country": "United Kingdom", "iata": "LDY", "region": "Europe"},
    {"code": "CWL", "name": "Cardiff", "city": "Cardiff", "country": "United Kingdom", "iata": "CWL", "region": "Europe"},
    {"code": "SWS", "name": "Swansea", "city": "Swansea", "country": "United Kingdom", "iata": "SWS", "region": "Europe"},
    {"code": "EXT", "name": "Exeter", "city": "Exeter", "country": "United Kingdom", "iata": "EXT", "region": "Europe"},
    {"code": "NQY", "name": "Newquay Cornwall", "city": "Newquay", "country": "United Kingdom", "iata": "NQY", "region": "Europe"},
    {"code": "PLH", "name": "Plymouth", "city": "Plymouth", "country": "United Kingdom", "iata": "PLH", "region": "Europe"},
    {"code": "BOH", "name": "Bournemouth", "city": "Bournemouth", "country": "United Kingdom", "iata": "BOH", "region": "Europe"},
    {"code": "SOU", "name": "Southampton", "city": "Southampton", "country": "United Kingdom", "iata": "SOU", "region": "Europe"},
    {"code": "NWI", "name": "Norwich", "city": "Norwich", "country": "United Kingdom", "iata": "NWI", "region": "Europe"},
    {"code": "CBG", "name": "Cambridge", "city": "Cambridge", "country": "United Kingdom", "iata": "CBG", "region": "Europe"},
    {"code": "SEN", "name": "Southend", "city": "Southend", "country": "United Kingdom", "iata": "SEN", "region": "Europe"},
    {"code": "OXF", "name": "Oxford Kidlington", "city": "Oxford", "country": "United Kingdom", "iata": "OXF", "region": "Europe"},
    {"code": "BBS", "name": "Blackpool", "city": "Blackpool", "country": "United Kingdom", "iata": "BBS", "region": "Europe"},
    {"code": "IOM", "name": "Isle of Man Ronaldsway", "city": "Isle of Man", "country": "United Kingdom", "iata": "IOM", "region": "Europe"},
    {"code": "JER", "name": "Jersey", "city": "Jersey", "country": "United Kingdom", "iata": "JER", "region": "Europe"},
    {"code": "GCI", "name": "Guernsey", "city": "Guernsey", "country": "United Kingdom", "iata": "GCI", "region": "Europe"},
    {"code": "ACI", "name": "Alderney", "city": "Alderney", "country": "United Kingdom", "iata": "ACI", "region": "Europe"},
    {"code": "ISC", "name": "Isles of Scilly St Mary's", "city": "Isles of Scilly", "country": "United Kingdom", "iata": "ISC", "region": "Europe"},
    {"code": "LSI", "name": "Sumburgh Shetland", "city": "Shetland", "country": "United Kingdom", "iata": "LSI", "region": "Europe"},
    {"code": "KOI", "name": "Kirkwall Orkney", "city": "Orkney", "country": "United Kingdom", "iata": "KOI", "region": "Europe"},
    {"code": "WIC", "name": "Wick", "city": "Wick", "country": "United Kingdom", "iata": "WIC", "region": "Europe"},
    {"code": "SYY", "name": "Stornoway Lewis", "city": "Stornoway", "country": "United Kingdom", "iata": "SYY", "region": "Europe"},
    {"code": "BRR", "name": "Barra", "city": "Barra", "country": "United Kingdom", "iata": "BRR", "region": "Europe"},
    {"code": "BEB", "name": "Benbecula", "city": "Benbecula", "country": "United Kingdom", "iata": "BEB", "region": "Europe"},
    {"code": "ILY", "name": "Islay", "city": "Islay", "country": "United Kingdom", "iata": "ILY", "region": "Europe"},
    {"code": "PSL", "name": "Perth Scone", "city": "Perth", "country": "United Kingdom", "iata": "PSL", "region": "Europe"},
    {"code": "DND", "name": "Dundee", "city": "Dundee", "country": "United Kingdom", "iata": "DND", "region": "Europe"},

    {"code": "HOR", "name": "Horta", "city": "Horta", "country": "Portugal", "iata": "HOR", "region": "Europe"},
    {"code": "PIX", "name": "Pico", "city": "Pico", "country": "Portugal", "iata": "PIX", "region": "Europe"},
    {"code": "TER", "name": "Terceira Lajes", "city": "Terceira", "country": "Portugal", "iata": "TER", "region": "Europe"},
    {"code": "GRW", "name": "Graciosa", "city": "Graciosa", "country": "Portugal", "iata": "GRW", "region": "Europe"},
    {"code": "SJZ", "name": "São Jorge", "city": "São Jorge", "country": "Portugal", "iata": "SJZ", "region": "Europe"},
    {"code": "FLW", "name": "Flores", "city": "Flores", "country": "Portugal", "iata": "FLW", "region": "Europe"},
    {"code": "CVU", "name": "Corvo", "city": "Corvo", "country": "Portugal", "iata": "CVU", "region": "Europe"},
    {"code": "SMA", "name": "Santa Maria", "city": "Santa Maria", "country": "Portugal", "iata": "SMA", "region": "Europe"},
    {"code": "PXO", "name": "Porto Santo", "city": "Porto Santo", "country": "Portugal", "iata": "PXO", "region": "Europe"},
    {"code": "BGC", "name": "Bragança", "city": "Bragança", "country": "Portugal", "iata": "BGC", "region": "Europe"},
    {"code": "VRL", "name": "Vila Real", "city": "Vila Real", "country": "Portugal", "iata": "VRL", "region": "Europe"},
    {"code": "VSE", "name": "Viseu", "city": "Viseu", "country": "Portugal", "iata": "VSE", "region": "Europe"},
    {"code": "CBP", "name": "Coimbra", "city": "Coimbra", "country": "Portugal", "iata": "CBP", "region": "Europe"},
    {"code": "COV", "name": "Covilhã", "city": "Covilhã", "country": "Portugal", "iata": "COV", "region": "Europe"},
    {"code": "CAT", "name": "Cascais", "city": "Cascais", "country": "Portugal", "iata": "CAT", "region": "Europe"},
    {"code": "CHV", "name": "Chaves", "city": "Chaves", "country": "Portugal", "iata": "CHV", "region": "Europe"},
    {"code": "OPO", "name": "Porto Francisco Sá Carneiro", "city": "Porto", "country": "Portugal", "iata": "OPO", "region": "Europe"},

    {"code": "HAJ", "name": "Hannover", "city": "Hannover", "country": "Germany", "iata": "HAJ", "region": "Europe"},
    {"code": "DRS", "name": "Dresden", "city": "Dresden", "country": "Germany", "iata": "DRS", "region": "Europe"},
    {"code": "ERF", "name": "Erfurt Weimar", "city": "Erfurt", "country": "Germany", "iata": "ERF", "region": "Europe"},
    {"code": "PAD", "name": "Paderborn Lippstadt", "city": "Paderborn", "country": "Germany", "iata": "PAD", "region": "Europe"},
    {"code": "FMO", "name": "Münster Osnabrück", "city": "Münster", "country": "Germany", "iata": "FMO", "region": "Europe"},
    {"code": "SCN", "name": "Saarbrücken", "city": "Saarbrücken", "country": "Germany", "iata": "SCN", "region": "Europe"},
    {"code": "FKB", "name": "Karlsruhe Baden-Baden", "city": "Karlsruhe", "country": "Germany", "iata": "FKB", "region": "Europe"},
    {"code": "FDH", "name": "Friedrichshafen", "city": "Friedrichshafen", "country": "Germany", "iata": "FDH", "region": "Europe"},
    {"code": "KSF", "name": "Kassel Calden", "city": "Kassel", "country": "Germany", "iata": "KSF", "region": "Europe"},
    {"code": "MHG", "name": "Mannheim City", "city": "Mannheim", "country": "Germany", "iata": "MHG", "region": "Europe"},
    {"code": "NRN", "name": "Weeze Niederrhein", "city": "Weeze", "country": "Germany", "iata": "NRN", "region": "Europe"},
    {"code": "RLG", "name": "Rostock Laage", "city": "Rostock", "country": "Germany", "iata": "RLG", "region": "Europe"},
    {"code": "SZW", "name": "Schwerin Parchim", "city": "Schwerin", "country": "Germany", "iata": "SZW", "region": "Europe"},
    {"code": "HDF", "name": "Heringsdorf", "city": "Heringsdorf", "country": "Germany", "iata": "HDF", "region": "Europe"},
    {"code": "GWT", "name": "Westerland Sylt", "city": "Sylt", "country": "Germany", "iata": "GWT", "region": "Europe"},
    {"code": "LBC", "name": "Lübeck", "city": "Lübeck", "country": "Germany", "iata": "LBC", "region": "Europe"},
    {"code": "KEL", "name": "Kiel Holtenau", "city": "Kiel", "country": "Germany", "iata": "KEL", "region": "Europe"},
    {"code": "FLF", "name": "Flensburg Schäferhaus", "city": "Flensburg", "country": "Germany", "iata": "FLF", "region": "Europe"},
    {"code": "AOC", "name": "Altenburg Nobitz", "city": "Altenburg", "country": "Germany", "iata": "AOC", "region": "Europe"},
    {"code": "CSO", "name": "Cochstedt Magdeburg", "city": "Magdeburg", "country": "Germany", "iata": "CSO", "region": "Europe"},
    {"code": "ZQW", "name": "Zweibrücken", "city": "Zweibrücken", "country": "Germany", "iata": "ZQW", "region": "Europe"},
    {"code": "BBJ", "name": "Bitburg", "city": "Bitburg", "country": "Germany", "iata": "BBJ", "region": "Europe"},
    {"code": "SGE", "name": "Siegerland", "city": "Siegen", "country": "Germany", "iata": "SGE", "region": "Europe"},
    {"code": "QEF", "name": "Frankfurt Egelsbach", "city": "Frankfurt", "country": "Germany", "iata": "QEF", "region": "Europe"},
    {"code": "ZQV", "name": "Worms", "city": "Worms", "country": "Germany", "iata": "ZQV", "region": "Europe"},

    {"code": "DNR", "name": "Dinard Pleurtuit", "city": "Dinard", "country": "France", "iata": "DNR", "region": "Europe"},
    {"code": "LRT", "name": "Lorient Bretagne Sud", "city": "Lorient", "country": "France", "iata": "LRT", "region": "Europe"},
    {"code": "UIP", "name": "Quimper Pluguffan", "city": "Quimper", "country": "France", "iata": "UIP", "region": "Europe"},
    {"code": "MXN", "name": "Morlaix Ploujean", "city": "Morlaix", "country": "France", "iata": "MXN", "region": "Europe"},
    {"code": "LDV", "name": "Landivisiau", "city": "Landivisiau", "country": "France", "iata": "LDV", "region": "Europe"},
    {"code": "CER", "name": "Cherbourg Maupertus", "city": "Cherbourg", "country": "France", "iata": "CER", "region": "Europe"},
    {"code": "CFR", "name": "Caen Carpiquet", "city": "Caen", "country": "France", "iata": "CFR", "region": "Europe"},
    {"code": "LEH", "name": "Le Havre Octeville", "city": "Le Havre", "country": "France", "iata": "LEH", "region": "Europe"},
    {"code": "DOL", "name": "Deauville Normandie", "city": "Deauville", "country": "France", "iata": "DOL", "region": "Europe"},
    {"code": "URO", "name": "Rouen Vallée de Seine", "city": "Rouen", "country": "France", "iata": "URO", "region": "Europe"},
    {"code": "XCR", "name": "Châlons Vatry", "city": "Châlons-en-Champagne", "country": "France", "iata": "XCR", "region": "Europe"},
    {"code": "ETZ", "name": "Metz Nancy Lorraine", "city": "Metz", "country": "France", "iata": "ETZ", "region": "Europe"},
    {"code": "ENC", "name": "Nancy Essey", "city": "Nancy", "country": "France", "iata": "ENC", "region": "Europe"},
    {"code": "EPL", "name": "Épinal Mirecourt", "city": "Épinal", "country": "France", "iata": "EPL", "region": "Europe"},
    {"code": "BYF", "name": "Albert Picardie", "city": "Albert", "country": "France", "iata": "BYF", "region": "Europe"},
    {"code": "XVS", "name": "Valenciennes", "city": "Valenciennes", "country": "France", "iata": "XVS", "region": "Europe"},
    {"code": "LIL", "name": "Lille Lesquin", "city": "Lille", "country": "France", "iata": "LIL", "region": "Europe"},
    {"code": "ANE", "name": "Angers Loire", "city": "Angers", "country": "France", "iata": "ANE", "region": "Europe"},
    {"code": "LVA", "name": "Laval Entrammes", "city": "Laval", "country": "France", "iata": "LVA", "region": "Europe"},
    {"code": "LME", "name": "Le Mans Arnage", "city": "Le Mans", "country": "France", "iata": "LME", "region": "Europe"},
    {"code": "TUF", "name": "Tours Val de Loire", "city": "Tours", "country": "France", "iata": "TUF", "region": "Europe"},
    {"code": "CHR", "name": "Châteauroux Déols", "city": "Châteauroux", "country": "France", "iata": "CHR", "region": "Europe"},
    {"code": "BVE", "name": "Brive Vallée de la Dordogne", "city": "Brive", "country": "France", "iata": "BVE", "region": "Europe"},
    {"code": "RDZ", "name": "Rodez Marcillac", "city": "Rodez", "country": "France", "iata": "RDZ", "region": "Europe"},
    {"code": "DCM", "name": "Castres Mazamet", "city": "Castres", "country": "France", "iata": "DCM", "region": "Europe"},
    {"code": "AGF", "name": "Agen La Garenne", "city": "Agen", "country": "France", "iata": "AGF", "region": "Europe"},
    {"code": "PGX", "name": "Périgueux Bassillac", "city": "Périgueux", "country": "France", "iata": "PGX", "region": "Europe"},
    {"code": "XDA", "name": "Dax Seyresse", "city": "Dax", "country": "France", "iata": "XDA", "region": "Europe"},
    {"code": "BYU", "name": "Bayonne Anglet Biarritz", "city": "Bayonne", "country": "France", "iata": "BYU", "region": "Europe"},
    {"code": "AUR", "name": "Aurillac", "city": "Aurillac", "country": "France", "iata": "AUR", "region": "Europe"},
    {"code": "MCU", "name": "Montluçon Guéret", "city": "Montluçon", "country": "France", "iata": "MCU", "region": "Europe"},
    {"code": "LYN", "name": "Lyon Bron", "city": "Lyon", "country": "France", "iata": "LYN", "region": "Europe"},
    {"code": "CVF", "name": "Courchevel", "city": "Courchevel", "country": "France", "iata": "CVF", "region": "Europe"},
    {"code": "CMF", "name": "Chambéry Savoie Mont Blanc", "city": "Chambéry", "country": "France", "iata": "CMF", "region": "Europe"},
    {"code": "GNB", "name": "Grenoble Alpes Isère", "city": "Grenoble", "country": "France", "iata": "GNB", "region": "Europe"},
    {"code": "VAF", "name": "Valence Chabeuil", "city": "Valence", "country": "France", "iata": "VAF", "region": "Europe"},
    {"code": "AHZ", "name": "Alpe d'Huez", "city": "Alpe d'Huez", "country": "France", "iata": "AHZ", "region": "Europe"},
    {"code": "MCM", "name": "Monaco Monte Carlo", "city": "Monaco", "country": "Monaco", "iata": "MCM", "region": "Europe"},
    {"code": "CEQ", "name": "Cannes Mandelieu", "city": "Cannes", "country": "France", "iata": "CEQ", "region": "Europe"},
    {"code": "CTT", "name": "Le Castellet", "city": "Le Castellet", "country": "France", "iata": "CTT", "region": "Europe"},
    {"code": "MEN", "name": "Mende Brenoux", "city": "Mende", "country": "France", "iata": "MEN", "region": "Europe"},
    {"code": "GAT", "name": "Gap Tallard", "city": "Gap", "country": "France", "iata": "GAT", "region": "Europe"},
    {"code": "PRP", "name": "Propriano", "city": "Propriano", "country": "France", "iata": "PRP", "region": "Europe"},
    {"code": "SOZ", "name": "Solenzara", "city": "Solenzara", "country": "France", "iata": "SOZ", "region": "Europe"},
    {"code": "CCV", "name": "Corte", "city": "Corte", "country": "France", "iata": "CCV", "region": "Europe"},
    {"code": "RUN", "name": "Saint-Denis Roland Garros", "city": "Saint-Denis", "country": "Réunion", "iata": "RUN", "region": "Africa"},
    {"code": "ZSE", "name": "Saint-Pierre Pierrefonds", "city": "Saint-Pierre", "country": "Réunion", "iata": "ZSE", "region": "Africa"},
    {"code": "PTP", "name": "Pointe-à-Pitre Le Raizet", "city": "Pointe-à-Pitre", "country": "Guadeloupe", "iata": "PTP", "region": "Caribbean"},
    {"code": "SFG", "name": "Saint-Martin Grand Case", "city": "Saint-Martin", "country": "Saint-Martin", "iata": "SFG", "region": "Caribbean"},
    {"code": "LSS", "name": "Les Saintes", "city": "Les Saintes", "country": "Guadeloupe", "iata": "LSS", "region": "Caribbean"},
    {"code": "BBR", "name": "Basse-Terre Baillif", "city": "Basse-Terre", "country": "Guadeloupe", "iata": "BBR", "region": "Caribbean"},
    {"code": "DSD", "name": "La Désirade", "city": "La Désirade", "country": "Guadeloupe", "iata": "DSD", "region": "Caribbean"},
    {"code": "GBJ", "name": "Marie-Galante", "city": "Marie-Galante", "country": "Guadeloupe", "iata": "GBJ", "region": "Caribbean"},
    {"code": "FDF", "name": "Fort-de-France Aimé Césaire", "city": "Fort-de-France", "country": "Martinique", "iata": "FDF", "region": "Caribbean"},
    {"code": "CAY", "name": "Cayenne Félix Eboué", "city": "Cayenne", "country": "French Guiana", "iata": "CAY", "region": "South America"},
    {"code": "MPY", "name": "Maripasoula", "city": "Maripasoula", "country": "French Guiana", "iata": "MPY", "region": "South America"},
    {"code": "OXB", "name": "Ouanary", "city": "Ouanary", "country": "French Guiana", "iata": "OXB", "region": "South America"},
    {"code": "REI", "name": "Regina", "city": "Regina", "country": "French Guiana", "iata": "REI", "region": "South America"},
    {"code": "XAU", "name": "Saül", "city": "Saül", "country": "French Guiana", "iata": "XAU", "region": "South America"},
    {"code": "LDX", "name": "Saint-Laurent-du-Maroni", "city": "Saint-Laurent", "country": "French Guiana", "iata": "LDX", "region": "South America"},
    {"code": "NOU", "name": "Nouméa La Tontouta", "city": "Nouméa", "country": "New Caledonia", "iata": "NOU", "region": "Oceania"},
    {"code": "GEA", "name": "Nouméa Magenta", "city": "Nouméa", "country": "New Caledonia", "iata": "GEA", "region": "Oceania"},
    {"code": "PPT", "name": "Tahiti Faa'a", "city": "Papeete", "country": "French Polynesia", "iata": "PPT", "region": "Oceania"},
    {"code": "BOB", "name": "Bora Bora", "city": "Bora Bora", "country": "French Polynesia", "iata": "BOB", "region": "Oceania"},
    {"code": "MOZ", "name": "Moorea", "city": "Moorea", "country": "French Polynesia", "iata": "MOZ", "region": "Oceania"},
    {"code": "HUH", "name": "Huahine", "city": "Huahine", "country": "French Polynesia", "iata": "HUH", "region": "Oceania"},
    {"code": "RGI", "name": "Rangiroa", "city": "Rangiroa", "country": "French Polynesia", "iata": "RGI", "region": "Oceania"},
    {"code": "DZA", "name": "Dzaoudzi Pamandzi", "city": "Dzaoudzi", "country": "Mayotte", "iata": "DZA", "region": "Africa"},

    {"code": "TRN", "name": "Turin Caselle", "city": "Turin", "country": "Italy", "iata": "TRN", "region": "Europe"},
    {"code": "GOA", "name": "Genoa Cristoforo Colombo", "city": "Genoa", "country": "Italy", "iata": "GOA", "region": "Europe"},
    {"code": "VRN", "name": "Verona Villafranca", "city": "Verona", "country": "Italy", "iata": "VRN", "region": "Europe"},
    {"code": "TSF", "name": "Venice Treviso", "city": "Treviso", "country": "Italy", "iata": "TSF", "region": "Europe"},
    {"code": "TRS", "name": "Trieste Friuli Venezia Giulia", "city": "Trieste", "country": "Italy", "iata": "TRS", "region": "Europe"},
    {"code": "BDS", "name": "Brindisi Salento", "city": "Brindisi", "country": "Italy", "iata": "BDS", "region": "Europe"},
    {"code": "BRI", "name": "Bari Karol Wojtyła", "city": "Bari", "country": "Italy", "iata": "BRI", "region": "Europe"},
    {"code": "CIY", "name": "Comiso", "city": "Comiso", "country": "Italy", "iata": "CIY", "region": "Europe"},
    {"code": "PMO", "name": "Palermo Falcone-Borsellino", "city": "Palermo", "country": "Italy", "iata": "PMO", "region": "Europe"},
    {"code": "TPS", "name": "Trapani Birgi", "city": "Trapani", "country": "Italy", "iata": "TPS", "region": "Europe"},
    {"code": "LMP", "name": "Lampedusa", "city": "Lampedusa", "country": "Italy", "iata": "LMP", "region": "Europe"},
    {"code": "PNL", "name": "Pantelleria", "city": "Pantelleria", "country": "Italy", "iata": "PNL", "region": "Europe"},
    {"code": "REG", "name": "Reggio Calabria Tito Minniti", "city": "Reggio Calabria", "country": "Italy", "iata": "REG", "region": "Europe"},
    {"code": "CRV", "name": "Crotone Sant'Anna", "city": "Crotone", "country": "Italy", "iata": "CRV", "region": "Europe"},
    {"code": "SUF", "name": "Lamezia Terme", "city": "Lamezia Terme", "country": "Italy", "iata": "SUF", "region": "Europe"},
    {"code": "CAG", "name": "Cagliari Elmas", "city": "Cagliari", "country": "Italy", "iata": "CAG", "region": "Europe"},
    {"code": "OLB", "name": "Olbia Costa Smeralda", "city": "Olbia", "country": "Italy", "iata": "OLB", "region": "Europe"},
    {"code": "AHO", "name": "Alghero Fertilia", "city": "Alghero", "country": "Italy", "iata": "AHO", "region": "Europe"},
    {"code": "FLR", "name": "Florence Peretola", "city": "Florence", "country": "Italy", "iata": "FLR", "region": "Europe"},
    {"code": "PEG", "name": "Perugia San Francesco", "city": "Perugia", "country": "Italy", "iata": "PEG", "region": "Europe"},
    {"code": "AOI", "name": "Ancona Falconara", "city": "Ancona", "country": "Italy", "iata": "AOI", "region": "Europe"},
    {"code": "RMI", "name": "Rimini Federico Fellini", "city": "Rimini", "country": "Italy", "iata": "RMI", "region": "Europe"},
    {"code": "FRL", "name": "Forlì Luigi Ridolfi", "city": "Forlì", "country": "Italy", "iata": "FRL", "region": "Europe"},
    {"code": "PSR", "name": "Pescara Abruzzo", "city": "Pescara", "country": "Italy", "iata": "PSR", "region": "Europe"},
    {"code": "BZO", "name": "Bolzano", "city": "Bolzano", "country": "Italy", "iata": "BZO", "region": "Europe"},
    {"code": "QPA", "name": "Padua", "city": "Padua", "country": "Italy", "iata": "QPA", "region": "Europe"},
    {"code": "CUF", "name": "Cuneo Levaldigi", "city": "Cuneo", "country": "Italy", "iata": "CUF", "region": "Europe"},
    {"code": "PMF", "name": "Parma Giuseppe Verdi", "city": "Parma", "country": "Italy", "iata": "PMF", "region": "Europe"},
    {"code": "AOT", "name": "Aosta", "city": "Aosta", "country": "Italy", "iata": "AOT", "region": "Europe"},

    {"code": "VGO", "name": "Vigo Peinador", "city": "Vigo", "country": "Spain", "iata": "VGO", "region": "Europe"},
    {"code": "SCQ", "name": "Santiago de Compostela", "city": "Santiago", "country": "Spain", "iata": "SCQ", "region": "Europe"},
    {"code": "LCG", "name": "A Coruña", "city": "A Coruña", "country": "Spain", "iata": "LCG", "region": "Europe"},
    {"code": "OVD", "name": "Asturias", "city": "Oviedo", "country": "Spain", "iata": "OVD", "region": "Europe"},
    {"code": "SDR", "name": "Santander", "city": "Santander", "country": "Spain", "iata": "SDR", "region": "Europe"},
    {"code": "VIT", "name": "Vitoria", "city": "Vitoria", "country": "Spain", "iata": "VIT", "region": "Europe"},
    {"code": "PNA", "name": "Pamplona", "city": "Pamplona", "country": "Spain", "iata": "PNA", "region": "Europe"},
    {"code": "SLM", "name": "Salamanca", "city": "Salamanca", "country": "Spain", "iata": "SLM", "region": "Europe"},
    {"code": "VLL", "name": "Valladolid", "city": "Valladolid", "country": "Spain", "iata": "VLL", "region": "Europe"},
    {"code": "RJL", "name": "Logroño", "city": "Logroño", "country": "Spain", "iata": "RJL", "region": "Europe"},
    {"code": "ZAZ", "name": "Zaragoza", "city": "Zaragoza", "country": "Spain", "iata": "ZAZ", "region": "Europe"},
    {"code": "LEU", "name": "Seo de Urgel", "city": "La Seu d'Urgell", "country": "Spain", "iata": "LEU", "region": "Europe"},
    {"code": "RGS", "name": "Burgos", "city": "Burgos", "country": "Spain", "iata": "RGS", "region": "Europe"},
    {"code": "LEI", "name": "Almería", "city": "Almería", "country": "Spain", "iata": "LEI", "region": "Europe"},
    {"code": "GRX", "name": "Granada Federico García Lorca", "city": "Granada", "country": "Spain", "iata": "GRX", "region": "Europe"},
    {"code": "MJV", "name": "Murcia San Javier", "city": "Murcia", "country": "Spain", "iata": "MJV", "region": "Europe"},
    {"code": "RMU", "name": "Murcia Corvera", "city": "Murcia", "country": "Spain", "iata": "RMU", "region": "Europe"},
    {"code": "ODB", "name": "Córdoba", "city": "Córdoba", "country": "Spain", "iata": "ODB", "region": "Europe"},
    {"code": "XRY", "name": "Jerez de la Frontera", "city": "Jerez", "country": "Spain", "iata": "XRY", "region": "Europe"},
    {"code": "GIB", "name": "Gibraltar", "city": "Gibraltar", "country": "Gibraltar", "iata": "GIB", "region": "Europe"},
    {"code": "ACE", "name": "Lanzarote César Manrique", "city": "Lanzarote", "country": "Spain", "iata": "ACE", "region": "Europe"},
    {"code": "FUE", "name": "Fuerteventura", "city": "Fuerteventura", "country": "Spain", "iata": "FUE", "region": "Europe"},
    {"code": "VDE", "name": "El Hierro", "city": "El Hierro", "country": "Spain", "iata": "VDE", "region": "Europe"},
    {"code": "SPC", "name": "La Palma", "city": "La Palma", "country": "Spain", "iata": "SPC", "region": "Europe"},
    {"code": "GMZ", "name": "La Gomera", "city": "La Gomera", "country": "Spain", "iata": "GMZ", "region": "Europe"},
    {"code": "TFN", "name": "Tenerife North", "city": "Tenerife", "country": "Spain", "iata": "TFN", "region": "Europe"},
    {"code": "MAH", "name": "Menorca", "city": "Menorca", "country": "Spain", "iata": "MAH", "region": "Europe"},
    {"code": "REU", "name": "Reus", "city": "Reus", "country": "Spain", "iata": "REU", "region": "Europe"},
    {"code": "GRO", "name": "Girona Costa Brava", "city": "Girona", "country": "Spain", "iata": "GRO", "region": "Europe"},
    {"code": "CDT", "name": "Castellón", "city": "Castellón", "country": "Spain", "iata": "CDT", "region": "Europe"},
    {"code": "BJZ", "name": "Badajoz", "city": "Badajoz", "country": "Spain", "iata": "BJZ", "region": "Europe"},
    {"code": "ABC", "name": "Albacete", "city": "Albacete", "country": "Spain", "iata": "ABC", "region": "Europe"},
    {"code": "TOJ", "name": "Madrid Torrejón", "city": "Madrid", "country": "Spain", "iata": "TOJ", "region": "Europe"},
    {"code": "VLV", "name": "Valverde El Hierro", "city": "El Hierro", "country": "Spain", "iata": "VLV", "region": "Europe"},
    {"code": "HSK", "name": "Huesca Pirineos", "city": "Huesca", "country": "Spain", "iata": "HSK", "region": "Europe"},
    {"code": "LEN", "name": "León", "city": "León", "country": "Spain", "iata": "LEN", "region": "Europe"},

    {"code": "ZTH", "name": "Zakynthos Dionysios Solomos", "city": "Zakynthos", "country": "Greece", "iata": "ZTH", "region": "Europe"},
    {"code": "PVK", "name": "Preveza Aktion", "city": "Preveza", "country": "Greece", "iata": "PVK", "region": "Europe"},
    {"code": "KLX", "name": "Kalamata", "city": "Kalamata", "country": "Greece", "iata": "KLX", "region": "Europe"},
    {"code": "KGS", "name": "Kos", "city": "Kos", "country": "Greece", "iata": "KGS", "region": "Europe"},
    {"code": "JKH", "name": "Chios", "city": "Chios", "country": "Greece", "iata": "JKH", "region": "Europe"},
    {"code": "SMI", "name": "Samos", "city": "Samos", "country": "Greece", "iata": "SMI", "region": "Europe"},
    {"code": "MJT", "name": "Mytilene Lesbos", "city": "Mytilene", "country": "Greece", "iata": "MJT", "region": "Europe"},
    {"code": "LRS", "name": "Leros", "city": "Leros", "country": "Greece", "iata": "LRS", "region": "Europe"},
    {"code": "KZS", "name": "Kastelorizo", "city": "Kastelorizo", "country": "Greece", "iata": "KZS", "region": "Europe"},
    {"code": "KSJ", "name": "Kasos", "city": "Kasos", "country": "Greece", "iata": "KSJ", "region": "Europe"},
    {"code": "AOK", "name": "Karpathos", "city": "Karpathos", "country": "Greece", "iata": "AOK", "region": "Europe"},
    {"code": "RHO", "name": "Rhodes Diagoras", "city": "Rhodes", "country": "Greece", "iata": "RHO", "region": "Europe"},
    {"code": "JSI", "name": "Skiathos", "city": "Skiathos", "country": "Greece", "iata": "JSI", "region": "Europe"},
    {"code": "JSY", "name": "Syros", "city": "Syros", "country": "Greece", "iata": "JSY", "region": "Europe"},
    {"code": "PAS", "name": "Paros", "city": "Paros", "country": "Greece", "iata": "PAS", "region": "Europe"},
    {"code": "MLO", "name": "Milos", "city": "Milos", "country": "Greece", "iata": "MLO", "region": "Europe"},
    {"code": "JNX", "name": "Naxos", "city": "Naxos", "country": "Greece", "iata": "JNX", "region": "Europe"},
    {"code": "JKL", "name": "Kalymnos", "city": "Kalymnos", "country": "Greece", "iata": "JKL", "region": "Europe"},
    {"code": "JIK", "name": "Ikaria", "city": "Ikaria", "country": "Greece", "iata": "JIK", "region": "Europe"},
    {"code": "JTY", "name": "Astypalaia", "city": "Astypalaia", "country": "Greece", "iata": "JTY", "region": "Europe"},
    {"code": "VOL", "name": "Volos Nea Anchialos", "city": "Volos", "country": "Greece", "iata": "VOL", "region": "Europe"},
    {"code": "JIO", "name": "Ioannina", "city": "Ioannina", "country": "Greece", "iata": "JIO", "region": "Europe"},
    {"code": "KVA", "name": "Kavala Alexander the Great", "city": "Kavala", "country": "Greece", "iata": "KVA", "region": "Europe"},
    {"code": "AXD", "name": "Alexandroupoli Democritus", "city": "Alexandroupoli", "country": "Greece", "iata": "AXD", "region": "Europe"},
    {"code": "KIT", "name": "Kithira", "city": "Kithira", "country": "Greece", "iata": "KIT", "region": "Europe"},
    {"code": "EFL", "name": "Kefalonia Anna Pollatou", "city": "Kefalonia", "country": "Greece", "iata": "EFL", "region": "Europe"},
    {"code": "SKU", "name": "Skyros", "city": "Skyros", "country": "Greece", "iata": "SKU", "region": "Europe"},
    {"code": "LXS", "name": "Lemnos", "city": "Lemnos", "country": "Greece", "iata": "LXS", "region": "Europe"},

    {"code": "TZX", "name": "Trabzon", "city": "Trabzon", "country": "Turkey", "iata": "TZX", "region": "Europe"},
    {"code": "GZT", "name": "Gaziantep Oğuzeli", "city": "Gaziantep", "country": "Turkey", "iata": "GZT", "region": "Europe"},
    {"code": "ASR", "name": "Kayseri Erkilet", "city": "Kayseri", "country": "Turkey", "iata": "ASR", "region": "Europe"},
    {"code": "VAN", "name": "Van Ferit Melen", "city": "Van", "country": "Turkey", "iata": "VAN", "region": "Europe"},
    {"code": "DIY", "name": "Diyarbakır", "city": "Diyarbakır", "country": "Turkey", "iata": "DIY", "region": "Europe"},
    {"code": "EZS", "name": "Elazığ", "city": "Elazığ", "country": "Turkey", "iata": "EZS", "region": "Europe"},
    {"code": "MLX", "name": "Malatya Erhaç", "city": "Malatya", "country": "Turkey", "iata": "MLX", "region": "Europe"},
    {"code": "SZF", "name": "Samsun Çarşamba", "city": "Samsun", "country": "Turkey", "iata": "SZF", "region": "Europe"},
    {"code": "ONQ", "name": "Zonguldak Çaycuma", "city": "Zonguldak", "country": "Turkey", "iata": "ONQ", "region": "Europe"},
    {"code": "KYA", "name": "Konya", "city": "Konya", "country": "Turkey", "iata": "KYA", "region": "Europe"},
    {"code": "KZR", "name": "Kütahya Zafer", "city": "Kütahya", "country": "Turkey", "iata": "KZR", "region": "Europe"},
    {"code": "DNZ", "name": "Denizli Çardak", "city": "Denizli", "country": "Turkey", "iata": "DNZ", "region": "Europe"},
    {"code": "TEQ", "name": "Tekirdağ Çorlu", "city": "Tekirdağ", "country": "Turkey", "iata": "TEQ", "region": "Europe"},
    {"code": "CKZ", "name": "Çanakkale", "city": "Çanakkale", "country": "Turkey", "iata": "CKZ", "region": "Europe"},
    {"code": "BZI", "name": "Balıkesir Koca Seyit", "city": "Balıkesir", "country": "Turkey", "iata": "BZI", "region": "Europe"},
    {"code": "ADA", "name": "Adana Şakirpaşa", "city": "Adana", "country": "Turkey", "iata": "ADA", "region": "Europe"},
    {"code": "HTY", "name": "Hatay", "city": "Hatay", "country": "Turkey", "iata": "HTY", "region": "Europe"},
    {"code": "USQ", "name": "Uşak", "city": "Uşak", "country": "Turkey", "iata": "USQ", "region": "Europe"},
    {"code": "NAV", "name": "Nevşehir Kapadokya", "city": "Nevşehir", "country": "Turkey", "iata": "NAV", "region": "Europe"},
    {"code": "MZH", "name": "Amasya Merzifon", "city": "Amasya", "country": "Turkey", "iata": "MZH", "region": "Europe"},
    {"code": "SFQ", "name": "Şanlıurfa GAP", "city": "Şanlıurfa", "country": "Turkey", "iata": "SFQ", "region": "Europe"},
    {"code": "BAL", "name": "Batman", "city": "Batman", "country": "Turkey", "iata": "BAL", "region": "Europe"},
    {"code": "MSR", "name": "Muş", "city": "Muş", "country": "Turkey", "iata": "MSR", "region": "Europe"},
    {"code": "SXZ", "name": "Siirt", "city": "Siirt", "country": "Turkey", "iata": "SXZ", "region": "Europe"},
    {"code": "KCO", "name": "Kocaeli Cengiz Topel", "city": "Kocaeli", "country": "Turkey", "iata": "KCO", "region": "Europe"},
    {"code": "ERZ", "name": "Erzurum", "city": "Erzurum", "country": "Turkey", "iata": "ERZ", "region": "Europe"},
    {"code": "KSY", "name": "Kars Harakani", "city": "Kars", "country": "Turkey", "iata": "KSY", "region": "Europe"},
    {"code": "IGD", "name": "Iğdır Şehit Bülent Aydın", "city": "Iğdır", "country": "Turkey", "iata": "IGD", "region": "Europe"},
    {"code": "AJI", "name": "Ağrı Ahmed-i Hani", "city": "Ağrı", "country": "Turkey", "iata": "AJI", "region": "Europe"},

    {"code": "ORN", "name": "Oran Ahmed Ben Bella", "city": "Oran", "country": "Algeria", "iata": "ORN", "region": "Africa"},
    {"code": "CZL", "name": "Constantine Mohamed Boudiaf", "city": "Constantine", "country": "Algeria", "iata": "CZL", "region": "Africa"},
    {"code": "AAE", "name": "Annaba Rabah Bitat", "city": "Annaba", "country": "Algeria", "iata": "AAE", "region": "Africa"},
    {"code": "BJA", "name": "Béjaïa Soummam", "city": "Béjaïa", "country": "Algeria", "iata": "BJA", "region": "Africa"},
    {"code": "TLM", "name": "Tlemcen Zenata", "city": "Tlemcen", "country": "Algeria", "iata": "TLM", "region": "Africa"},
    {"code": "GJL", "name": "Jijel Ferhat Abbas", "city": "Jijel", "country": "Algeria", "iata": "GJL", "region": "Africa"},
    {"code": "QSF", "name": "Sétif Ain Arnat", "city": "Sétif", "country": "Algeria", "iata": "QSF", "region": "Africa"},
    {"code": "BLJ", "name": "Batna Mostefa Ben Boulaid", "city": "Batna", "country": "Algeria", "iata": "BLJ", "region": "Africa"},
    {"code": "BSK", "name": "Biskra Mohamed Khider", "city": "Biskra", "country": "Algeria", "iata": "BSK", "region": "Africa"},
    {"code": "TEE", "name": "Tébessa Cheikh Larbi Tebessi", "city": "Tébessa", "country": "Algeria", "iata": "TEE", "region": "Africa"},
    {"code": "VVZ", "name": "Illizi Takhamalt", "city": "Illizi", "country": "Algeria", "iata": "VVZ", "region": "Africa"},
    {"code": "TMR", "name": "Tamanrasset Aguenar", "city": "Tamanrasset", "country": "Algeria", "iata": "TMR", "region": "Africa"},
    {"code": "INZ", "name": "In Salah", "city": "In Salah", "country": "Algeria", "iata": "INZ", "region": "Africa"},
    {"code": "HRM", "name": "Hassi Messaoud", "city": "Hassi Messaoud", "country": "Algeria", "iata": "HRM", "region": "Africa"},
    {"code": "GHA", "name": "Ghardaïa Noumerate", "city": "Ghardaïa", "country": "Algeria", "iata": "GHA", "region": "Africa"},
    {"code": "ELG", "name": "El Golea", "city": "El Golea", "country": "Algeria", "iata": "ELG", "region": "Africa"},
    {"code": "TID", "name": "Tiaret Abdelhafid Boussouf Bou Chekif", "city": "Tiaret", "country": "Algeria", "iata": "TID", "region": "Africa"},
    {"code": "MZW", "name": "Mecheria", "city": "Mecheria", "country": "Algeria", "iata": "MZW", "region": "Africa"},
    {"code": "BOU", "name": "Bourges", "city": "Bourges", "country": "Algeria", "iata": "BOU", "region": "Africa"},
    {"code": "TAF", "name": "Tafaraoui Oran", "city": "Oran", "country": "Algeria", "iata": "TAF", "region": "Africa"},
    {"code": "ELU", "name": "El Oued Guemar", "city": "El Oued", "country": "Algeria", "iata": "ELU", "region": "Africa"},
    {"code": "TIN", "name": "Tindouf", "city": "Tindouf", "country": "Algeria", "iata": "TIN", "region": "Africa"},
    {"code": "BMW", "name": "Bordj Badji Mokhtar", "city": "Bordj Badji Mokhtar", "country": "Algeria", "iata": "BMW", "region": "Africa"},
    {"code": "DJG", "name": "Djanet Tiska", "city": "Djanet", "country": "Algeria", "iata": "DJG", "region": "Africa"},
    {"code": "TMX", "name": "Timimoun", "city": "Timimoun", "country": "Algeria", "iata": "TMX", "region": "Africa"},
    {"code": "MUW", "name": "Mascara Ghriss", "city": "Mascara", "country": "Algeria", "iata": "MUW", "region": "Africa"},
    {"code": "CBH", "name": "Béchar Boudghene Ben Ali Lotfi", "city": "Béchar", "country": "Algeria", "iata": "CBH", "region": "Africa"},
    {"code": "AZR", "name": "Adrar Touat Cheikh Sidi Mohamed Belkebir", "city": "Adrar", "country": "Algeria", "iata": "AZR", "region": "Africa"},

    {"code": "MIR", "name": "Monastir Habib Bourguiba", "city": "Monastir", "country": "Tunisia", "iata": "MIR", "region": "Africa"},
    {"code": "DJE", "name": "Djerba Zarzis", "city": "Djerba", "country": "Tunisia", "iata": "DJE", "region": "Africa"},
    {"code": "SFA", "name": "Sfax Thyna", "city": "Sfax", "country": "Tunisia", "iata": "SFA", "region": "Africa"},
    {"code": "TOE", "name": "Tozeur Nefta", "city": "Tozeur", "country": "Tunisia", "iata": "TOE", "region": "Africa"},
    {"code": "GAF", "name": "Gafsa Ksar", "city": "Gafsa", "country": "Tunisia", "iata": "GAF", "region": "Africa"},
    {"code": "GAE", "name": "Gabès Matmata", "city": "Gabès", "country": "Tunisia", "iata": "GAE", "region": "Africa"},
    {"code": "TBJ", "name": "Tabarka 7 Novembre", "city": "Tabarka", "country": "Tunisia", "iata": "TBJ", "region": "Africa"},
    {"code": "OIZ", "name": "Ouled Djellal", "city": "Ouled Djellal", "country": "Tunisia", "iata": "OIZ", "region": "Africa"},
    {"code": "NBE", "name": "Enfidha Hammamet", "city": "Enfidha", "country": "Tunisia", "iata": "NBE", "region": "Africa"},

    {"code": "CNX", "name": "Chiang Mai", "city": "Chiang Mai", "country": "Thailand", "iata": "CNX", "region": "Asia"},
    {"code": "HKT", "name": "Phuket", "city": "Phuket", "country": "Thailand", "iata": "HKT", "region": "Asia"},
    {"code": "USM", "name": "Koh Samui", "city": "Koh Samui", "country": "Thailand", "iata": "USM", "region": "Asia"},
    {"code": "KBV", "name": "Krabi", "city": "Krabi", "country": "Thailand", "iata": "KBV", "region": "Asia"},
    {"code": "HDY", "name": "Hat Yai", "city": "Hat Yai", "country": "Thailand", "iata": "HDY", "region": "Asia"},
    {"code": "UTP", "name": "U-Tapao Pattaya", "city": "Pattaya", "country": "Thailand", "iata": "UTP", "region": "Asia"},
    {"code": "CEI", "name": "Chiang Rai Mae Fah Luang", "city": "Chiang Rai", "country": "Thailand", "iata": "CEI", "region": "Asia"},
    {"code": "URT", "name": "Surat Thani", "city": "Surat Thani", "country": "Thailand", "iata": "URT", "region": "Asia"},
    {"code": "NAW", "name": "Narathiwat", "city": "Narathiwat", "country": "Thailand", "iata": "NAW", "region": "Asia"},
    {"code": "TST", "name": "Trang", "city": "Trang", "country": "Thailand", "iata": "TST", "region": "Asia"},
    {"code": "UNN", "name": "Ranong", "city": "Ranong", "country": "Thailand", "iata": "UNN", "region": "Asia"},
    {"code": "HHQ", "name": "Hua Hin", "city": "Hua Hin", "country": "Thailand", "iata": "HHQ", "region": "Asia"},
    {"code": "THS", "name": "Sukhothai", "city": "Sukhothai", "country": "Thailand", "iata": "THS", "region": "Asia"},
    {"code": "PYY", "name": "Mae Hong Son", "city": "Mae Hong Son", "country": "Thailand", "iata": "PYY", "region": "Asia"},
    {"code": "KKC", "name": "Khon Kaen", "city": "Khon Kaen", "country": "Thailand", "iata": "KKC", "region": "Asia"},
    {"code": "UBP", "name": "Ubon Ratchathani", "city": "Ubon Ratchathani", "country": "Thailand", "iata": "UBP", "region": "Asia"},
    {"code": "UTH", "name": "Udon Thani", "city": "Udon Thani", "country": "Thailand", "iata": "UTH", "region": "Asia"},
    {"code": "BFV", "name": "Buri Ram", "city": "Buri Ram", "country": "Thailand", "iata": "BFV", "region": "Asia"},
    {"code": "NAK", "name": "Nakhon Ratchasima", "city": "Nakhon Ratchasima", "country": "Thailand", "iata": "NAK", "region": "Asia"},
    {"code": "LOE", "name": "Loei", "city": "Loei", "country": "Thailand", "iata": "LOE", "region": "Asia"},
    {"code": "ROI", "name": "Roi Et", "city": "Roi Et", "country": "Thailand", "iata": "ROI", "region": "Asia"},
    {"code": "SNO", "name": "Sakon Nakhon", "city": "Sakon Nakhon", "country": "Thailand", "iata": "SNO", "region": "Asia"},
    {"code": "NST", "name": "Nakhon Si Thammarat", "city": "Nakhon Si Thammarat", "country": "Thailand", "iata": "NST", "region": "Asia"},
    {"code": "PHS", "name": "Phitsanulok", "city": "Phitsanulok", "country": "Thailand", "iata": "PHS", "region": "Asia"},
    {"code": "NAN", "name": "Nan Nakhon", "city": "Nan", "country": "Thailand", "iata": "NAN", "region": "Asia"},
    {"code": "PRH", "name": "Phrae", "city": "Phrae", "country": "Thailand", "iata": "PRH", "region": "Asia"},
    {"code": "TDX", "name": "Trat", "city": "Trat", "country": "Thailand", "iata": "TDX", "region": "Asia"},
    {"code": "CJM", "name": "Chumphon", "city": "Chumphon", "country": "Thailand", "iata": "CJM", "region": "Asia"},

    {"code": "HAN", "name": "Hanoi Noi Bai", "city": "Hanoi", "country": "Vietnam", "iata": "HAN", "region": "Asia"},
    {"code": "SGN", "name": "Ho Chi Minh City Tan Son Nhat", "city": "Ho Chi Minh City", "country": "Vietnam", "iata": "SGN", "region": "Asia"},
    {"code": "DAD", "name": "Da Nang", "city": "Da Nang", "country": "Vietnam", "iata": "DAD", "region": "Asia"},
    {"code": "CXR", "name": "Nha Trang Cam Ranh", "city": "Nha Trang", "country": "Vietnam", "iata": "CXR", "region": "Asia"},
    {"code": "PQC", "name": "Phu Quoc", "city": "Phu Quoc", "country": "Vietnam", "iata": "PQC", "region": "Asia"},
    {"code": "HPH", "name": "Hai Phong Cat Bi", "city": "Hai Phong", "country": "Vietnam", "iata": "HPH", "region": "Asia"},
    {"code": "VCA", "name": "Can Tho", "city": "Can Tho", "country": "Vietnam", "iata": "VCA", "region": "Asia"},
    {"code": "HUI", "name": "Hue Phu Bai", "city": "Hue", "country": "Vietnam", "iata": "HUI", "region": "Asia"},
    {"code": "VDH", "name": "Dong Hoi", "city": "Dong Hoi", "country": "Vietnam", "iata": "VDH", "region": "Asia"},
    {"code": "VII", "name": "Vinh", "city": "Vinh", "country": "Vietnam", "iata": "VII", "region": "Asia"},
    {"code": "DLI", "name": "Dalat Lien Khuong", "city": "Dalat", "country": "Vietnam", "iata": "DLI", "region": "Asia"},
    {"code": "BMV", "name": "Buon Ma Thuot", "city": "Buon Ma Thuot", "country": "Vietnam", "iata": "BMV", "region": "Asia"},
    {"code": "PXU", "name": "Pleiku", "city": "Pleiku", "country": "Vietnam", "iata": "PXU", "region": "Asia"},
    {"code": "TBB", "name": "Tuy Hoa", "city": "Tuy Hoa", "country": "Vietnam", "iata": "TBB", "region": "Asia"},
    {"code": "VKG", "name": "Rach Gia", "city": "Rach Gia", "country": "Vietnam", "iata": "VKG", "region": "Asia"},
    {"code": "CAH", "name": "Ca Mau", "city": "Ca Mau", "country": "Vietnam", "iata": "CAH", "region": "Asia"},
    {"code": "VCS", "name": "Con Dao", "city": "Con Dao", "country": "Vietnam", "iata": "VCS", "region": "Asia"},
    {"code": "UIH", "name": "Quy Nhon Phu Cat", "city": "Quy Nhon", "country": "Vietnam", "iata": "UIH", "region": "Asia"},
    {"code": "VCL", "name": "Chu Lai", "city": "Chu Lai", "country": "Vietnam", "iata": "VCL", "region": "Asia"},
    {"code": "THD", "name": "Thanh Hoa Tho Xuan", "city": "Thanh Hoa", "country": "Vietnam", "iata": "THD", "region": "Asia"},
    {"code": "VDO", "name": "Van Don", "city": "Van Don", "country": "Vietnam", "iata": "VDO", "region": "Asia"},
    {"code": "DIN", "name": "Dien Bien Phu", "city": "Dien Bien Phu", "country": "Vietnam", "iata": "DIN", "region": "Asia"},

    {"code": "RUH", "name": "Riyadh King Khalid", "city": "Riyadh", "country": "Saudi Arabia", "iata": "RUH", "region": "Middle East"},
    {"code": "JED", "name": "Jeddah King Abdulaziz", "city": "Jeddah", "country": "Saudi Arabia", "iata": "JED", "region": "Middle East"},
    {"code": "DMM", "name": "Dammam King Fahd", "city": "Dammam", "country": "Saudi Arabia", "iata": "DMM", "region": "Middle East"},
    {"code": "MED", "name": "Medina Prince Mohammad Bin Abdulaziz", "city": "Medina", "country": "Saudi Arabia", "iata": "MED", "region": "Middle East"},
    {"code": "AHB", "name": "Abha", "city": "Abha", "country": "Saudi Arabia", "iata": "AHB", "region": "Middle East"},
    {"code": "TUU", "name": "Tabuk", "city": "Tabuk", "country": "Saudi Arabia", "iata": "TUU", "region": "Middle East"},
    {"code": "TIF", "name": "Taif", "city": "Taif", "country": "Saudi Arabia", "iata": "TIF", "region": "Middle East"},
    {"code": "GIZ", "name": "Jizan King Abdullah bin Abdulaziz", "city": "Jizan", "country": "Saudi Arabia", "iata": "GIZ", "region": "Middle East"},
    {"code": "HOF", "name": "Al-Ahsa", "city": "Al-Ahsa", "country": "Saudi Arabia", "iata": "HOF", "region": "Middle East"},
    {"code": "EAM", "name": "Najran", "city": "Najran", "country": "Saudi Arabia", "iata": "EAM", "region": "Middle East"},
    {"code": "YNB", "name": "Yanbu", "city": "Yanbu", "country": "Saudi Arabia", "iata": "YNB", "region": "Middle East"},
    {"code": "ELQ", "name": "Buraidah Qassim", "city": "Buraidah", "country": "Saudi Arabia", "iata": "ELQ", "region": "Middle East"},
    {"code": "AJF", "name": "Al-Jouf Sakakah", "city": "Sakakah", "country": "Saudi Arabia", "iata": "AJF", "region": "Middle East"},
    {"code": "URY", "name": "Gurayat", "city": "Gurayat", "country": "Saudi Arabia", "iata": "URY", "region": "Middle East"},
    {"code": "RAH", "name": "Rafha", "city": "Rafha", "country": "Saudi Arabia", "iata": "RAH", "region": "Middle East"},
    {"code": "WAE", "name": "Wadi Al Dawasir", "city": "Wadi Al Dawasir", "country": "Saudi Arabia", "iata": "WAE", "region": "Middle East"},
    {"code": "BHH", "name": "Bisha", "city": "Bisha", "country": "Saudi Arabia", "iata": "BHH", "region": "Middle East"},
    {"code": "SHW", "name": "Sharurah", "city": "Sharurah", "country": "Saudi Arabia", "iata": "SHW", "region": "Middle East"},
    {"code": "DWD", "name": "Dawadmi", "city": "Dawadmi", "country": "Saudi Arabia", "iata": "DWD", "region": "Middle East"},
    {"code": "AKH", "name": "Prince Sultan Air Base", "city": "Al Kharj", "country": "Saudi Arabia", "iata": "AKH", "region": "Middle East"},
    {"code": "RAE", "name": "Arar", "city": "Arar", "country": "Saudi Arabia", "iata": "RAE", "region": "Middle East"},
    {"code": "HAS", "name": "Hail", "city": "Hail", "country": "Saudi Arabia", "iata": "HAS", "region": "Middle East"},

    {"code": "SHJ", "name": "Sharjah", "city": "Sharjah", "country": "UAE", "iata": "SHJ", "region": "Middle East"},
    {"code": "AAN", "name": "Al Ain", "city": "Al Ain", "country": "UAE", "iata": "AAN", "region": "Middle East"},
    {"code": "RKT", "name": "Ras Al Khaimah", "city": "Ras Al Khaimah", "country": "UAE", "iata": "RKT", "region": "Middle East"},
    {"code": "FJR", "name": "Fujairah", "city": "Fujairah", "country": "UAE", "iata": "FJR", "region": "Middle East"},
    {"code": "DWC", "name": "Dubai Al Maktoum", "city": "Dubai", "country": "UAE", "iata": "DWC", "region": "Middle East"}

  ]
}