{
  "airports": [
    {
      "code": "CDG",
      "name": "Paris Charles de Gaulle",
      "city": "Paris",
      "country": "France",
      "iata": "CDG",
      "region": "Europe"
    },
    {
      "code": "ORY",
      "name": "Paris Orly",
      "city": "Paris",
      "country": "France",
      "iata": "ORY",
      "region": "Europe"
    },
    {
      "code": "MAD",
      "name": "Madrid Barajas",
      "city": "Madrid",
      "country": "Spain",
      "iata": "MAD",
      "region": "Europe"
    },
    {
      "code": "CMN",
      "name": "Casablanca Anfa",
      "city": "Casablanca",
      "country": "Morocco",
      "iata": "CMN",
      "region": "Africa"
    },
    {
      "code": "JFK",
      "name": "New York John F. Kennedy",
      "city": "New York",
      "country": "United States",
      "iata": "JFK",
      "region": "North America"
    },
    {
      "code": "LAX",
      "name": "Los Angeles International",
      "city": "Los Angeles",
      "country": "United States",
      "iata": "LAX",
      "region": "North America"
    },
    {
      "code": "LHR",
      "name": "London Heathrow",
      "city": "London",
      "country": "United Kingdom",
      "iata": "LHR",
      "region": "Europe"
    },
    {
      "code": "LCY",
      "name": "London City",
      "city": "London",
      "country": "United Kingdom",
      "iata": "LCY",
      "region": "Europe"
    },
    {
      "code": "LGW",
      "name": "London Gatwick",
      "city": "London",
      "country": "United Kingdom",
      "iata": "LGW",
      "region": "Europe"
    },
    {
      "code": "FCO",
      "name": "Rome Fiumicino",
      "city": "Rome",
      "country": "Italy",
      "iata": "FCO",
      "region": "Europe"
    },
    {
      "code": "FCO",
      "name": "Rome Leonardo da Vinci",
      "city": "Rome",
      "country": "Italy",
      "iata": "FCO",
      "region": "Europe"
    },
    {
      "code": "MXP",
      "name": "Milan Malpensa",
      "city": "Milan",
      "country": "Italy",
      "iata": "MXP",
      "region": "Europe"
    },
    {
      "code": "BGY",
      "name": "Milan Bergamo",
      "city": "Bergamo",
      "country": "Italy",
      "iata": "BGY",
      "region": "Europe"
    },
    {
      "code": "VCE",
      "name": "Venice Marco Polo",
      "city": "Venice",
      "country": "Italy",
      "iata": "VCE",
      "region": "Europe"
    },
    {
      "code": "BCN",
      "name": "Barcelona-El Prat",
      "city": "Barcelona",
      "country": "Spain",
      "iata": "BCN",
      "region": "Europe"
    },
    {
      "code": "AGP",
      "name": "Málaga-Costa del Sol",
      "city": "Málaga",
      "country": "Spain",
      "iata": "AGP",
      "region": "Europe"
    },
    {
      "code": "SVQ",
      "name": "Seville",
      "city": "Seville",
      "country": "Spain",
      "iata": "SVQ",
      "region": "Europe"
    },
    {
      "code": "IBZ",
      "name": "Ibiza",
      "city": "Ibiza",
      "country": "Spain",
      "iata": "IBZ",
      "region": "Europe"
    },
    {
      "code": "PMI",
      "name": "Palma de Mallorca",
      "city": "Palma",
      "country": "Spain",
      "iata": "PMI",
      "region": "Europe"
    },
    {
      "code": "CDT",
      "name": "Barcelona Airport",
      "city": "Barcelona",
      "country": "Spain",
      "iata": "CDT",
      "region": "Europe"
    },
    {
      "code": "AMS",
      "name": "Amsterdam Schiphol",
      "city": "Amsterdam",
      "country": "Netherlands",
      "iata": "AMS",
      "region": "Europe"
    },
    {
      "code": "DUB",
      "name": "Dublin",
      "city": "Dublin",
      "country": "Ireland",
      "iata": "DUB",
      "region": "Europe"
    },
    {
      "code": "BRU",
      "name": "Brussels Zaventem",
      "city": "Brussels",
      "country": "Belgium",
      "iata": "BRU",
      "region": "Europe"
    },
    {
      "code": "ZRH",
      "name": "Zurich",
      "city": "Zurich",
      "country": "Switzerland",
      "iata": "ZRH",
      "region": "Europe"
    },
    {
      "code": "VIE",
      "name": "Vienna",
      "city": "Vienna",
      "country": "Austria",
      "iata": "VIE",
      "region": "Europe"
    },
    {
      "code": "PRG",
      "name": "Prague Václav Havel",
      "city": "Prague",
      "country": "Czech Republic",
      "iata": "PRG",
      "region": "Europe"
    },
    {
      "code": "WAW",
      "name": "Warsaw Chopin",
      "city": "Warsaw",
      "country": "Poland",
      "iata": "WAW",
      "region": "Europe"
    },
    {
      "code": "BUD",
      "name": "Budapest Ferenc Liszt",
      "city": "Budapest",
      "country": "Hungary",
      "iata": "BUD",
      "region": "Europe"
    },
    {
      "code": "BKK",
      "name": "Bangkok Suvarnabhumi",
      "city": "Bangkok",
      "country": "Thailand",
      "iata": "BKK",
      "region": "Asia"
    },
    {
      "code": "SIN",
      "name": "Singapore Changi",
      "city": "Singapore",
      "country": "Singapore",
      "iata": "SIN",
      "region": "Asia"
    },
    {
      "code": "HND",
      "name": "Tokyo Haneda",
      "city": "Tokyo",
      "country": "Japan",
      "iata": "HND",
      "region": "Asia"
    },
    {
      "code": "NRT",
      "name": "Tokyo Narita",
      "city": "Tokyo",
      "country": "Japan",
      "iata": "NRT",
      "region": "Asia"
    },
    {
      "code": "ICN",
      "name": "Incheon Seoul",
      "city": "Seoul",
      "country": "South Korea",
      "iata": "ICN",
      "region": "Asia"
    },
    {
      "code": "PVG",
      "name": "Shanghai Pudong",
      "city": "Shanghai",
      "country": "China",
      "iata": "PVG",
      "region": "Asia"
    },
    {
      "code": "HKG",
      "name": "Hong Kong International",
      "city": "Hong Kong",
      "country": "Hong Kong",
      "iata": "HKG",
      "region": "Asia"
    },
    {
      "code": "DXB",
      "name": "Dubai International",
      "city": "Dubai",
      "country": "United Arab Emirates",
      "iata": "DXB",
      "region": "Middle East"
    },
    {
      "code": "AUH",
      "name": "Abu Dhabi International",
      "city": "Abu Dhabi",
      "country": "United Arab Emirates",
      "iata": "AUH",
      "region": "Middle East"
    },
    {
      "code": "DOH",
      "name": "Doha Hamad International",
      "city": "Doha",
      "country": "Qatar",
      "iata": "DOH",
      "region": "Middle East"
    },
    {
      "code": "DEL",
      "name": "Delhi Indira Gandhi",
      "city": "Delhi",
      "country": "India",
      "iata": "DEL",
      "region": "Asia"
    },
    {
      "code": "BOM",
      "name": "Mumbai Bombay",
      "city": "Mumbai",
      "country": "India",
      "iata": "BOM",
      "region": "Asia"
    },
    {
      "code": "SYD",
      "name": "Sydney Kingsford Smith",
      "city": "Sydney",
      "country": "Australia",
      "iata": "SYD",
      "region": "Oceania"
    },
    {
      "code": "MEL",
      "name": "Melbourne",
      "city": "Melbourne",
      "country": "Australia",
      "iata": "MEL",
      "region": "Oceania"
    },
    {
      "code": "AKL",
      "name": "Auckland",
      "city": "Auckland",
      "country": "New Zealand",
      "iata": "AKL",
      "region": "Oceania"
    },
    {
      "code": "ORD",
      "name": "Chicago O'Hare",
      "city": "Chicago",
      "country": "United States",
      "iata": "ORD",
      "region": "North America"
    },
    {
      "code": "DFW",
      "name": "Dallas Fort Worth",
      "city": "Dallas",
      "country": "United States",
      "iata": "DFW",
      "region": "North America"
    },
    {
      "code": "ATL",
      "name": "Atlanta Hartsfield-Jackson",
      "city": "Atlanta",
      "country": "United States",
      "iata": "ATL",
      "region": "North America"
    },
    {
      "code": "DEN",
      "name": "Denver International",
      "city": "Denver",
      "country": "United States",
      "iata": "DEN",
      "region": "North America"
    },
    {
      "code": "SFO",
      "name": "San Francisco",
      "city": "San Francisco",
      "country": "United States",
      "iata": "SFO",
      "region": "North America"
    },
    {
      "code": "SEA",
      "name": "Seattle Tacoma",
      "city": "Seattle",
      "country": "United States",
      "iata": "SEA",
      "region": "North America"
    },
    {
      "code": "YVR",
      "name": "Vancouver",
      "city": "Vancouver",
      "country": "Canada",
      "iata": "YVR",
      "region": "North America"
    },
    {
      "code": "YYZ",
      "name": "Toronto Pearson",
      "city": "Toronto",
      "country": "Canada",
      "iata": "YYZ",
      "region": "North America"
    },
    {
      "code": "MEX",
      "name": "Mexico City",
      "city": "Mexico City",
      "country": "Mexico",
      "iata": "MEX",
      "region": "North America"
    },
    {
      "code": "CUN",
      "name": "Cancun",
      "city": "Cancun",
      "country": "Mexico",
      "iata": "CUN",
      "region": "North America"
    },
    {
      "code": "BJS",
      "name": "Beijing Capital",
      "city": "Beijing",
      "country": "China",
      "iata": "BJS",
      "region": "Asia"
    },
    {
      "code": "PEK",
      "name": "Beijing Capital International",
      "city": "Beijing",
      "country": "China",
      "iata": "PEK",
      "region": "Asia"
    },
    {
      "code": "KUL",
      "name": "Kuala Lumpur International",
      "city": "Kuala Lumpur",
      "country": "Malaysia",
      "iata": "KUL",
      "region": "Asia"
    },
    {
      "code": "CGK",
      "name": "Jakarta Soekarno-Hatta",
      "city": "Jakarta",
      "country": "Indonesia",
      "iata": "CGK",
      "region": "Asia"
    },
    {
      "code": "MNL",
      "name": "Manila Ninoy Aquino",
      "city": "Manila",
      "country": "Philippines",
      "iata": "MNL",
      "region": "Asia"
    },
    {
      "code": "BKK",
      "name": "Bangkok Don Mueang",
      "city": "Bangkok",
      "country": "Thailand",
      "iata": "BKK",
      "region": "Asia"
    },
    {
      "code": "GRU",
      "name": "São Paulo Guarulhos",
      "city": "São Paulo",
      "country": "Brazil",
      "iata": "GRU",
      "region": "South America"
    },
    {
      "code": "EZE",
      "name": "Buenos Aires Ministro Pistarini",
      "city": "Buenos Aires",
      "country": "Argentina",
      "iata": "EZE",
      "region": "South America"
    },
    {
      "code": "SCL",
      "name": "Santiago Arturo Merino Benítez",
      "city": "Santiago",
      "country": "Chile",
      "iata": "SCL",
      "region": "South America"
    },
    {
      "code": "BOG",
      "name": "Bogotá El Dorado",
      "city": "Bogotá",
      "country": "Colombia",
      "iata": "BOG",
      "region": "South America"
    },
    {
      "code": "LIM",
      "name": "Lima Jorge Chávez",
      "city": "Lima",
      "country": "Peru",
      "iata": "LIM",
      "region": "South America"
    },
    {
      "code": "CAI",
      "name": "Cairo International",
      "city": "Cairo",
      "country": "Egypt",
      "iata": "CAI",
      "region": "Africa"
    },
    {
      "code": "JNB",
      "name": "Johannesburg Oliver Tambo",
      "city": "Johannesburg",
      "country": "South Africa",
      "iata": "JNB",
      "region": "Africa"
    },
    {
      "code": "CPT",
      "name": "Cape Town",
      "city": "Cape Town",
      "country": "South Africa",
      "iata": "CPT",
      "region": "Africa"
    },
    {
      "code": "LOS",
      "name": "Lagos Murtala Muhammed",
      "city": "Lagos",
      "country": "Nigeria",
      "iata": "LOS",
      "region": "Africa"
    },
    {
      "code": "DAR",
      "name": "Dar es Salaam Julius Nyerere",
      "city": "Dar es Salaam",
      "country": "Tanzania",
      "iata": "DAR",
      "region": "Africa"
    },
    {
      "code": "ADD",
      "name": "Addis Ababa Bole",
      "city": "Addis Ababa",
      "country": "Ethiopia",
      "iata": "ADD",
      "region": "Africa"
    },
    {
      "code": "CDG",
      "name": "Paris",
      "city": "Paris",
      "country": "France",
      "iata": "CDG",
      "region": "Europe"
    },
    {
      "code": "TYO",
      "name": "Tokyo",
      "city": "Tokyo",
      "country": "Japan",
      "iata": "TYO",
      "region": "Asia"
    },
    {
      "code": "NYC",
      "name": "New York",
      "city": "New York",
      "country": "United States",
      "iata": "NYC",
      "region": "North America"
    },
    {
      "code": "LDN",
      "name": "London",
      "city": "London",
      "country": "United Kingdom",
      "iata": "LDN",
      "region": "Europe"
    },
    {
      "code": "SYD",
      "name": "Sydney",
      "city": "Sydney",
      "country": "Australia",
      "iata": "SYD",
      "region": "Oceania"
    },
    {
      "code": "LAX",
      "name": "Los Angeles",
      "city": "Los Angeles",
      "country": "United States",
      "iata": "LAX",
      "region": "North America"
    },
    {
      "code": "ORD",
      "name": "Chicago",
      "city": "Chicago",
      "country": "United States",
      "iata": "ORD",
      "region": "North America"
    },
    {
      "code": "BAR",
      "name": "Barcelona",
      "city": "Barcelona",
      "country": "Spain",
      "iata": "BAR",
      "region": "Europe"
    },
    {
      "code": "ROM",
      "name": "Rome",
      "city": "Rome",
      "country": "Italy",
      "iata": "ROM",
      "region": "Europe"
    },
    {
      "code": "MIL",
      "name": "Milan",
      "city": "Milan",
      "country": "Italy",
      "iata": "MIL",
      "region": "Europe"
    }
  ]
}